"molecule_chembl_id","smiles","ido1_ic50","tdo_ic50"
CHEMBL1909734,Clc1ccccc1-c1cnn[nH]1,86000.0,100000.0
CHEMBL2147992,CCc1cccc(-c2c[nH]nn2)c1,13000.0,100000.0
CHEMBL2148074,Oc1ccc(Cl)cc1-c1c[nH]nn1,330.0,100000.0
CHEMBL4287290,N#Cc1nccc2c(Nc3ccc(F)c(Cl)c3)c(N)oc12,200.0,500.0
CHEMBL4282281,Nc1oc2c(-c3ccncc3)nc(F)cc2c1Nc1ccc(F)c(Cl)c1,200.0,500.0
CHEMBL4279627,Nc1oc2c(-c3ccncc3)nccc2c1Nc1ccc(F)c(C(F)(F)F)c1,200.0,500.0
CHEMBL4295250,Cc1cc(-c2nccc3c(Nc4ccc(F)c(C(F)(F)F)c4)c(N)oc23)ccn1,200.0,500.0
CHEMBL4294820,Cc1cc(-c2nccc3c(Nc4ccc(F)cc4)c(N)oc23)ccn1,200.0,500.0
CHEMBL4292367,Nc1oc2c(-c3ccnc(C(=O)N4CCCCC4)c3)nccc2c1Nc1ccc(F)c(Cl)c1,200.0,500.0
CHEMBL4549778,Fc1cccc2c1C(C1CCOCC1)n1cncc1-2,969.0,189.0
CHEMBL1652342,O=C1Nc2ccccc2/C1=N/Nc1cccc(Cl)c1,1510.0,46810.0
CHEMBL4798028,O=C1c2ccccc2C(=O)c2c1nnn2-c1cccnc1,23.0,21.0
CHEMBL4763146,O=[N+]([O-])c1ccc(N/C(=N\O)c2ccc(Cl)cc2)c2nonc12,113.0,40000.0
CHEMBL4296926,Cl/N=C1/C=CC=C/C1=N/Cl,9170.0,8430.0
CHEMBL5218595,O[C@@H]1CCCC[C@H]1CNc1cc(Cl)cc2[nH]ncc12,1870.0,130.0
CHEMBL5220341,Nc1cc(NC[C@@H]2CCCC[C@H]2O)c2cn[nH]c2c1,300000.0,300000.0
CHEMBL5619220,Oc1ccc2cc(-c3ccc4c(c3)OCO4)ncc2c1,100000.0,100000.0
CHEMBL5619268,COc1ccc2cc(-c3ccc(NC(=O)c4ccc(F)cc4)cc3)ncc2c1O,100000.0,100000.0
CHEMBL5764425,CC1(O)C2CC3CC1CC(C(O)CC1c4ccccc4-c4cncn41)(C3)C2,100.0,300.0
CHEMBL6012813,CNc1ccc(C(O)c2c(C)sc3cncn23)cc1,1430.0,10200.0
CHEMBL5919886,O[C@@H](c1c(C2CC2)sc2cncn12)C1CCC(c2ccccc2)CC1,6.45,2300.0
CHEMBL5909287,CC(C)(C)C1CCC(CC(O)c2c(C3CC3)sc3cncn23)CC1,950.0,4330.0
CHEMBL5992557,OC(CC1CCCCC1c1ccccc1)c1c(C2CC2)sc2cncn12,1040.0,9460.0
CHEMBL5817676,OC(c1c(-c2ccsc2)sc2cncn12)C1CCCCC1,144.0,181.0
CHEMBL5977223,Cc1cscc1-c1sc2cncn2c1C(O)C1CCCCC1,537.0,420.0
CHEMBL6037453,OC(c1ccc(Cl)cc1)c1c(C2CC2)sc2cncn12,63.9,1090.0
CHEMBL6031347,OC(c1c(C2CC2)sc2cncn12)C12CC(c3ccccc3)(C1)C2,28.6,1270.0
CHEMBL5833233,CCc1sc2cncn2c1C(O)c1cn(C2CCCC2)nn1,116.0,10200.0
CHEMBL5417450,CN(C)CCc1ccc2nc3n(c(=O)c2c1)C1C=CC(F)=CC1C3=O,20.0,60.0
CHEMBL5964586,O=C(CC1c2ccccc2-c2cnnn21)C1CCCCC1,5500.0,5500.0
CHEMBL6043299,O=C(CC1c2c(F)cccc2-c2cncn21)C12CC3CC(CC(C3)C1)C2,100.0,500.0
CHEMBL5928078,CS(=O)(=O)N1CCC(n2cc(-c3ccc(N4CCC(C5c6c(F)cccc6-c6cncn65)CC4)cc3)cn2)CC1,14.2,104.0
CHEMBL3747764,OC(CC1c2ccccc2-n2cncc21)C1CCCCC1,1000.0,100.0
CHEMBL3909480,Cc1n[nH]c2c1C(c1ccc(F)c(Cl)c1)c1c([nH]c(=O)[nH]c1=O)O2,438.0,3000.0
CHEMBL4245579,CN(C)CCNC(=O)c1c2c(n3ccccc13)C(=O)c1cccnc1C2=O,188.0,7150.0
CHEMBL2147994,Fc1cccc(-c2c[nH]nn2)c1,47000.0,100000.0
CHEMBL4165309,Oc1ccc(F)cc1-c1cncn1Cc1cc2cc(F)ccc2[nH]1,113.0,84000.0
CHEMBL4289074,CCOC(=O)Nc1oc2c(-c3ccccc3)nccc2c1Nc1ccc(F)c(Cl)c1,1000.0,2000.0
CHEMBL4288020,CCOC(=O)Nc1oc2c(Br)nccc2c1N(C(=O)OCC)c1ccc(F)c(Cl)c1,1000.0,2000.0
CHEMBL4280094,N#Cc1ccc2c(Nc3ccc(F)c(Cl)c3)c(N)sc2c1,1000.0,2000.0
CHEMBL4287091,CCCc1nccc2c(Nc3ccc(F)c(Cl)c3)c(N)oc12,200.0,2000.0
CHEMBL4292539,Nc1oc2cnccc2c1Nc1cc(Cl)c(F)c(Cl)c1,1000.0,500.0
CHEMBL4291859,Cc1ccc(Nc2c(N)oc3cnccc23)cc1,1000.0,500.0
CHEMBL4281007,CNC(=O)c1cc(-c2nccc3c(Nc4ccc(F)c(Cl)c4)c(N)oc23)ccn1,200.0,500.0
CHEMBL4277866,COc1ccccc1-c1nccc2c(Nc3ccc(F)c(F)c3)c(N)oc12,200.0,500.0
CHEMBL4291240,CNC(=O)c1cc(-c2nccc3c(Nc4ccccc4Cl)c(N)oc23)ccn1,200.0,500.0
CHEMBL4281374,CNC(=O)c1cc(-c2nccc3c(Nc4ccc(F)cc4)c(N)oc23)ccn1,200.0,500.0
CHEMBL4290668,CNC(=O)c1cc(-c2nccc3c(Nc4cccc(Cl)c4)c(N)oc23)ccn1,200.0,500.0
CHEMBL4281858,Nc1oc2c(N3CCOCC3)nccc2c1Nc1ccc(F)c(Cl)c1,200.0,500.0
CHEMBL4278982,CCCNC(=O)c1cc(-c2nccc3c(Nc4ccc(F)c(Cl)c4)c(N)oc23)ccn1,200.0,2000.0
CHEMBL4284608,Nc1oc2c(-c3ccnc(C(=O)Nc4ccccn4)c3)nccc2c1Nc1ccc(F)c(Cl)c1,200.0,2000.0
CHEMBL4288429,COC(=O)c1cccc(Cn2cnc3c2C(=O)c2ccccc2C3=O)c1,42200.0,100000.0
CHEMBL4549976,NS(=O)(=O)NCC(=O)NCCSc1nonc1/C(=N/O)Nc1ccc(F)c(C(F)F)c1,93.0,10000.0
CHEMBL4648181,CCOC(=O)/C=C/c1ccc2nc3n(c(=O)c2c1)-c1ccc(F)cc1C3=O,190.0,370.0
CHEMBL5218747,O/N=C(\CNc1cc(Br)cc2[nH]ncc12)c1ccc(O)cc1,57180.0,12860.0
CHEMBL5218640,OCC(Nc1cc(Br)cc2[nH]ncc12)C1CCCCC1,300000.0,300000.0
CHEMBL5219170,O[C@@H]1CCCC[C@H]1CNc1cc(C(F)(F)F)cc2[nH]ncc12,3660.0,400.0
CHEMBL5618380,COc1ccc2cc(-c3cc4ccccc4o3)ncc2c1OC,100000.0,100000.0
CHEMBL5619382,COc1cccc(C(=O)Nc2ccc(-c3cc4ccc(OC)c(O)c4cn3)cc2)c1,14230.0,4080.0
CHEMBL5979893,CC(=O)Nc1ccc(C2CCN(c3cc(C(F)(F)F)cc4cncn34)CC2)cc1,300.0,300.0
CHEMBL5953469,OC(c1c(C2CCCC2)sc2cncn12)C1CCCCC1,237.0,193.0
CHEMBL5890227,OC(CC1CCCCC1)c1c(Cl)sc2cncn12,159.0,1210.0
CHEMBL5920436,CC(C)C1CCC(CC(O)c2c(C3CC3)sc3cncn23)CC1,511.0,2830.0
CHEMBL6031176,OC(c1c(-c2ccccc2)sc2cncn12)C1CCCCC1,382.0,246.0
CHEMBL5779593,OC(c1c(C2CC(F)(F)C2)sc2cncn12)C1CCCCC1,1070.0,1780.0
CHEMBL5825423,OC(c1c([C@@H]2C[C@@H]2F)sc2cncn12)C1CCCCC1,21.8,491.0
CHEMBL5836904,OC(CC1c2ccccc2-c2cnnn21)C1CCC(F)(F)CC1,5500.0,550.0
CHEMBL5999951,CC1(C)OCC(Cn2cc(-c3ccc(N4CCC(C5c6c(F)cccc6-c6cncn65)CC4)cc3)cn2)O1,58.8,319.0
CHEMBL5823254,Fc1cccc2c1C(C1CCN(c3ccc(-c4cnn([C@@H]5CCOC5)c4)cc3)CC1)n1cncc1-2,33.0,296.0
CHEMBL5900018,CC1(C)CN(c2cc(Br)cc3cncn23)CCC12NC(=O)NC2=O,87.1,1202.0
CHEMBL3628552,O=C1c2ccccc2C(=O)c2c1nnn2Cc1ccc(F)cc1,2587.0,7380.0
CHEMBL4293117,CCOC(=O)Nc1oc2c(C#Cc3ccc(C(N)=O)cc3)nccc2c1N(C(=O)OCC)c1ccc(F)c(Cl)c1,1000.0,2000.0
CHEMBL4288912,CCOC(=O)Nc1oc2c(C#N)nccc2c1N(C(=O)OCC)c1ccc(F)c(Cl)c1,1000.0,2000.0
CHEMBL4288670,Nc1oc2c(-c3cccc(Cl)c3)nccc2c1Nc1ccc(F)c(Cl)c1,200.0,2000.0
CHEMBL4284003,Nc1oc2cnccc2c1Nc1ccccc1Cl,1000.0,2000.0
CHEMBL4289193,Nc1sc2ccccc2c1Nc1ccc2c(c1)OCO2,200.0,2000.0
CHEMBL4291312,Nc1oc2c(-c3ccnc(C(=O)N4CCOCC4)c3)nccc2c1Nc1ccc(F)c(Cl)c1,200.0,500.0
CHEMBL4562566,Cn1ccc2ccc(N3CCC(C4c5c(F)cccc5-c5cncn54)CC3)cc21,27.0,376.0
CHEMBL4291850,O=C(O)c1cccc(Cn2cnc3c2C(=O)c2ccccc2C3=O)c1,11000.0,100000.0
CHEMBL4281167,O=C1c2cccnc2C(=O)c2sc(-c3cscn3)nc21,22.0,321.5
CHEMBL4539097,Cl.NOC(c1ccccc1)c1ccccc1Cl,18000.0,21800.0
CHEMBL4745769,O=C(Nc1ccc(Cl)cc1)C(CC1CC1)N1CCC2(CC1)COc1cc(C(F)(F)F)ccc12,300.0,15900.0
CHEMBL4780026,O=C(CN1CCC2(CCc3ccccc32)CC1)Nc1ccc(Cl)cc1,670.0,42800.0
CHEMBL4753967,O=C(Nc1ccc(Cl)cc1)C(=O)N1CC[C@H](c2ccnc3ccc(F)cc23)[C@@H](O)C1,6.1,14000.0
CHEMBL4741069,NS(=O)(=O)c1ccc(-n2nnc3c2C(=O)c2ccccc2C3=O)cc1,30.0,48.0
CHEMBL4762733,O=C1c2ccccc2C(=O)c2c1nnn2-c1cnc(Cl)c(Cl)c1,113.0,248.0
CHEMBL4748675,O=[N+]([O-])c1ccc(N/C(Cc2ccccc2F)=N\O)c2nonc12,102.0,30000.0
CHEMBL4647345,O=C1c2cc(F)ccc2-n2c1nc1ccc(CN3CCCC3C(=O)O)cc1c2=O,550.0,180.0
CHEMBL4755556,O=C(/C(=N/O)Nc1ccc(F)c(Br)c1)C1CCN(C(=O)c2ccccc2)CC1,281.0,100000.0
CHEMBL4759802,O=C(/C(=N/O)Nc1ccc(F)c(Br)c1)C1CCN(c2ccccc2)CC1,1019.0,100000.0
CHEMBL4781782,O/N=C(/CC1CCCCC1)Nc1ccc(F)c(Br)c1,578.0,100000.0
CHEMBL4764737,O=C(/C(=N/O)Nc1ccc(F)c(Br)c1)C1CCCCC1,63.0,79348.0
CHEMBL1981840,O=[N+]([O-])/C=C/c1cc2ccccc2[nH]1,2790.0,100000.0
CHEMBL5196298,COc1cc(CNc2cc(Br)cc3[nH]ncc23)c([N+](=O)[O-])cc1OC,18450.0,1040.0
CHEMBL187460,C[C@H]1COC2=C1C(=O)C(=O)c1c2ccc2c1CCCC2(C)C,10000.0,9800.0
CHEMBL5273615,Cc1ccc(NC(=O)Nc2cc(-c3ccccc3-c3nc(=O)[nH]o3)cc3c2OCCCC3c2ccccc2)cc1,1.5,6000.0
CHEMBL5618960,COc1ccc2cc(-c3cccnc3)ncc2c1OC,100000.0,100000.0
CHEMBL5949865,OCCc1cc(C(F)(F)F)cn2cncc12,100000.0,100000.0
CHEMBL6053568,OC(c1cccs1)c1c(Cl)sc2cncn12,333.0,690.0
CHEMBL5912430,CC1(CC(O)c2c(C3CC3)sc3cncn23)CCCCC1,40.5,204.0
CHEMBL6031813,OC(c1c(C2CC2)sc2cncn12)C1CCC1,25.1,907.0
CHEMBL5845815,OC(CC1CCC(F)(F)CC1)c1c(C2CC2)sc2cncn12,28.5,263.0
CHEMBL5789568,OC(c1cccc(F)c1)c1c(C2CC2)sc2cncn12,33.1,449.0
CHEMBL5927670,Cc1sc2cncn2c1C(O)c1ccccc1,561.0,1000.0
CHEMBL5747347,OC(c1c(C2CC2)sc2cncn12)C1CCCCCC1,14.2,382.0
CHEMBL3628603,COC1CCN(C(=O)c2ccc(Cn3nnc4c3C(=O)c3ccccc3C4=O)cc2)CC1,1593.0,209.0
CHEMBL4291105,Cc1cccc(Nc2c(N)sc3ccccc23)c1C,1000.0,500.0
CHEMBL4288214,Cn1cc(-c2nccc3c(Nc4ccc(F)c(Cl)c4)c(N)oc23)cn1,200.0,500.0
CHEMBL4285529,Nc1oc2c(-c3ccccc3)nccc2c1Nc1cccc(C(F)(F)F)c1,200.0,2000.0
CHEMBL4288412,Cc1nccc2c(Nc3ccc(F)c(Cl)c3)c(N)oc12,200.0,500.0
CHEMBL4294399,Cc1cc(-c2nccc3c(Nc4ccc(F)c(F)c4)c(N)oc23)ccn1,200.0,500.0
CHEMBL4290194,Nc1oc2cnc(F)cc2c1Nc1cccc(Cl)c1,200.0,500.0
CHEMBL4280130,Nc1oc2c(-c3cc(F)cc(F)c3)nccc2c1Nc1ccc(F)c(Cl)c1,200.0,500.0
CHEMBL4281233,Cc1ccccc1Cn1cnc2c1C(=O)c1ccccc1C2=O,100000.0,100000.0
CHEMBL4561507,Cl.NOC(c1ccccc1)c1ccc(Cl)c(Cl)c1,2000.0,4000.0
CHEMBL4590292,Cl.NOC(CCCC(=O)Nc1ccccc1)c1cccc(Cl)c1,3000.0,123000.0
CHEMBL4582341,Cl.NOC(c1ccccc1)c1cc(F)cc(F)c1,4000.0,3480.0
CHEMBL5197921,CC(C)n1ncc2c(NCc3ccccc3[N+](=O)[O-])cc(C(F)(F)F)cc21,100000.0,100000.0
CHEMBL5169552,c1ccc2c(-c3ccc4nonc4c3)c[nH]c2c1,100000.0,3400.0
CHEMBL5201313,c1ccc2c(-c3cnc4nsnc4c3)c[nH]c2c1,100000.0,4700.0
CHEMBL274452,c1ccc2c(c1)[nH]c1c(-c3c[nH]cn3)nccc12,3530.0,1150.0
CHEMBL5176219,CC(=O)O[C@H]1CCc2c(ccc3c2C(=O)C(=O)c2c(C)coc2-3)C1(C)C,400.0,370.0
CHEMBL5219865,O[C@@H]1CCCC[C@H]1CNc1cc(Br)cc2[nH]ncc12,640.0,40.0
CHEMBL5220107,CC1=C(CC(=O)c2sccc2Br)C(=O)c2ccccc2C1=O,3.42,3.42
CHEMBL5747393,O=C(O)N1CCN(c2cc(C(F)(F)F)cc3cncn23)CC1,66200.0,17400.0
CHEMBL5858320,CC1(C)CCC(C)(C(O)c2c(C3CC3)sc3cncn23)C1,18.7,151.0
CHEMBL5911732,COc1ccccc1C(O)c1c(C2CC2)sc2cncn12,1110.0,6800.0
CHEMBL5437117,O=C1c2nc3ccc(CCN4CCOCC4)cc3c(=O)n2C2C=CC(F)=CC12,20.0,70.0
CHEMBL6012986,O=C(CC1c2ccccc2-c2cnnn21)C1CCC(F)(F)CC1,10000.0,10000.0
CHEMBL1909733,Brc1ccccc1-c1cnn[nH]1,148000.0,100000.0
CHEMBL3966057,Nc1n[nH]c2c1C(c1ccc(F)c(F)c1)c1c(N)n[nH]c1O2,239.0,3000.0
CHEMBL2148077,Clc1cccc(-c2c[nH]nn2)c1Cl,23000.0,100000.0
CHEMBL4283357,CCOC(=O)Nc1oc2c(-c3ccc(C(N)=O)cc3)nccc2c1Nc1ccc(F)c(Cl)c1,1000.0,2000.0
CHEMBL4276879,Nc1sc2ccccc2c1Sc1cccc(Cl)c1,1000.0,2000.0
CHEMBL4292689,Nc1sc2cnccc2c1Nc1ccc(F)c(Cl)c1,1000.0,2000.0
CHEMBL4291232,CCc1cc2c(Nc3ccc(F)c(Cl)c3)c(N)oc2c(-c2ccccc2)n1,200.0,2000.0
CHEMBL4287189,COc1cccc(-c2nccc3c(Nc4ccc(F)c(Cl)c4)c(N)oc23)c1,200.0,500.0
CHEMBL4290511,COc1cc(Nc2c(N)oc3cnccc23)ccc1Cl,1000.0,500.0
CHEMBL4286734,Nc1oc2c(F)nccc2c1Nc1ccc(F)c(C(F)(F)F)c1,200.0,500.0
CHEMBL4288369,Cc1cc(-c2nc(F)cc3c(Nc4cccc(Cl)c4)c(N)oc23)ccn1,200.0,500.0
CHEMBL4567552,Fc1cccc(N2CCC(C3c4c(F)cccc4-c4cncn43)CC2)c1,72.0,371.0
CHEMBL4283109,N[C@@H](CC1C(=O)Nc2ccccc21)C(=O)O,3390.0,60220.0
CHEMBL4759518,O=C1c2ccccc2C(=O)c2c1nnn2-c1cccc(F)c1,52.0,101.0
CHEMBL4752502,N#Cc1ccc(-n2nnc3c2C(=O)c2ccccc2C3=O)cc1,26.0,66.0
CHEMBL4762048,COC(=O)c1ccc(-n2nnc3c2C(=O)c2ccccc2C3=O)cc1,34.0,58.0
CHEMBL4776703,O=C(/C(=N/O)Nc1ccc(F)c(Br)c1)C1CCN(C(=O)Nc2ccccc2)CC1,54.0,57970.0
CHEMBL4763205,O=C(Nc1ccccc1)[C@H]1CC[C@H](C(=O)/C(=N/O)Nc2ccc(F)c(Br)c2)CC1,197.0,100000.0
CHEMBL4764324,CC(=O)Nc1cc(Nc2ccc(F)c(Oc3ccccc3)c2)c2cc(C(=O)O)[nH]c2c1,5830.0,1440.0
CHEMBL5178341,COC(=O)c1cc(NCc2ccccc2[N+](=O)[O-])c2cn[nH]c2c1,100000.0,100000.0
CHEMBL5199588,FC(F)(F)c1cc(NCC2CNC2)c2cn[nH]c2c1,100000.0,100000.0
CHEMBL5183281,CC1(C)c2ccc3c(c2CC[C@@H]1O)C(=O)C(=O)c1c(CO)coc1-3,590.0,1010.0
CHEMBL5218765,Cl[C@@H]1CCCC[C@@H]1CNc1cc(Br)cc2[nH]ncc12,55500.0,67000.0
CHEMBL5882878,O=S(=O)(Cc1ccccc1)NC1C2CC3CC1CC([C@@H](O)CC1c4c(F)cccc4-c4cncn41)(C3)C2,300.0,5500.0
CHEMBL5938798,CC(=O)N1CCC(c2cc(C(F)(F)F)cn3cncc23)CC1,66200.0,300.0
CHEMBL5993542,CS(=O)(=O)N1CCN(c2cc(C(F)(F)F)cc3cncn23)CC1,66200.0,66200.0
CHEMBL5746274,CC(=O)N1CCN(c2cc(C(F)(F)F)cn3cncc23)CC1(C)C,300.0,300.0
CHEMBL6054038,CC1(C)CN(Cc2cc(Cl)cc3cncn23)CCN1S(C)(=O)=O,300.0,300.0
CHEMBL6027431,CC1CCCCC1CC(O)c1c(C2CC2)sc2cncn12,45.2,411.0
CHEMBL6041061,CC1(C)CCC(CC(O)c2c(C3CC3)sc3cncn23)C1,39.4,321.0
CHEMBL5749976,CC1(C)CCC(C(O)c2c(C3CC3)sc3cncn23)C1,18.8,287.0
CHEMBL6032725,CC(C)(C)C1CCC(C(O)c2c(C3CC3)sc3cncn23)CC1,511.0,2780.0
CHEMBL5921138,CCc1sc2cncn2c1C(O)CC1CCCCC1,6.63,299.0
CHEMBL5781737,COC1CCCC(CC(O)c2c(C3CC3)sc3cncn23)C1,40.5,1830.0
CHEMBL5875287,CCc1sc2cncn2c1C(O)c1ccccc1,59.3,195.0
CHEMBL5827288,Fc1cccc2c1C(C1CCN(c3ncc(Br)s3)CC1)n1cncc1-2,48.2,399.0
CHEMBL312537,Cc1ccc2c(c1)C(=O)c1nc3ccccc3c(=O)n1-2,121200.0,3230.0
CHEMBL3086870,O=C1c2ccccc2-n2c1nc1ccc(F)cc1c2=O,864400.0,9810.0
CHEMBL4248088,O=C1c2ncccc2C(=O)c2c1c(C(=O)Nc1ccccc1)c1ccccn21,119.0,100000.0
CHEMBL3628553,Cc1ccc(Cn2nnc3c2C(=O)c2ccccc2C3=O)cc1,1770.0,1088.0
CHEMBL4290084,COC(=O)Nc1oc2cnccc2c1Nc1ccc(F)c(Cl)c1,1000.0,2000.0
CHEMBL4279004,CCOC(=O)Nc1oc2c(-c3cc(C)nc(C)c3)nccc2c1Nc1ccc(F)c(Cl)c1,1000.0,2000.0
CHEMBL4291289,Nc1sc2ccc(Br)cc2c1Nc1ccc(F)c(Cl)c1,200.0,2000.0
CHEMBL4295062,Cc1nccc2c(Nc3cccc(C(F)(F)F)c3)c(N)oc12,200.0,2000.0
CHEMBL4279821,CCc1nccc2c(Nc3ccc(F)c(Cl)c3)c(N)oc12,200.0,500.0
CHEMBL4278386,CC(C)(C)c1cccc(Nc2c(N)oc3cnccc23)c1,1000.0,2000.0
CHEMBL4287546,Nc1oc2cnccc2c1Nc1ccc(Cl)cc1,1000.0,500.0
CHEMBL4277115,Nc1oc2cnccc2c1Nc1ccc(F)cc1,200.0,500.0
CHEMBL4279253,CCOC(=O)Nc1oc2c(-c3ccncc3)nccc2c1N(C(=O)OCC)c1ccc(F)c(C(F)(F)F)c1,1000.0,2000.0
CHEMBL4288257,Nc1oc2c(-c3cccc(C(F)(F)F)c3)nccc2c1Nc1ccc(F)c(Cl)c1,200.0,2000.0
CHEMBL4280727,Nc1oc2c(-c3ccncc3)nccc2c1Nc1cccc(C(F)(F)F)c1,200.0,500.0
CHEMBL4293768,Cc1cc(-c2nccc3c(Nc4cccc(C(F)(F)F)c4)c(N)oc23)ccn1,200.0,500.0
CHEMBL4277268,Nc1oc2cnc(F)cc2c1Nc1ccc(F)c(C(F)(F)F)c1,200.0,500.0
CHEMBL4291087,CC(C)(C)NC(=O)c1cc(-c2nccc3c(Nc4ccc(F)c(Cl)c4)c(N)oc23)ccn1,200.0,2000.0
CHEMBL4586507,Fc1cccc2c1C(C1CCCCC1)n1cncc1-2,108.0,85.0
CHEMBL4515137,O=C(CNc1nonc1/C(=N/O)N[C@H]1Cc2ccc(F)cc21)NCCO,81.0,10000.0
CHEMBL4751227,CC[C@@H](C(=O)Nc1ccc(Cl)cc1)N1CCC2(CC1)COc1cc(C(F)(F)F)ccc12,360.0,11400.0
CHEMBL4757995,CC[C@H](C(=O)Nc1ccc(Cl)cc1)N1CCC2(CC1)COc1cc(C(F)(F)F)ccc12,109.0,15500.0
CHEMBL4777262,O=C(Nc1ccc(Cl)cc1)C(=O)N1CCC(c2ccnc3ccc(F)cc23)C(F)(F)C1,9.0,6300.0
CHEMBL4749726,O=C1c2ccccc2C(=O)c2c1nnn2-c1cccc(Cl)c1,40.0,36.0
CHEMBL4741297,O=[N+]([O-])c1ccc(N/C(Cc2ccc(F)cc2F)=N\O)c2nonc12,160.0,19000.0
CHEMBL4747676,O=[N+]([O-])c1ccc(N/C(Cc2ccc(F)cc2)=N\O)c2nonc12,98.0,65000.0
CHEMBL4781037,NS(=O)(=O)N1CCC(C(=O)/C(=N/O)Nc2ccc(F)c(Br)c2)CC1,45.0,62457.0
CHEMBL4747226,Cn1cc(-c2ccc(NC(=O)N3CCC(C(=O)/C(=N/O)Nc4ccc(F)c(Br)c4)CC3)cc2)cn1,15.0,100000.0
CHEMBL301982,CC1=C(O)C(=O)C=C2C1=CC=C1[C@@]2(C)CC[C@@]2(C)[C@@H]3C[C@](C)(C(=O)O)CC[C@]3(C)CC[C@]12C,8410.0,100000.0
CHEMBL5195880,c1ccc2c(-c3ccc4nsnc4c3)c[nH]c2c1,100000.0,3000.0
CHEMBL5187479,Clc1ccc(-c2nccc3c2[nH]c2ccccc23)cc1,7580.0,8290.0
CHEMBL5194494,N#Cc1ccc(-c2nccc3c2[nH]c2ccccc23)cc1,50000.0,11980.0
CHEMBL1209728,Cc1c(Br)oc2c1C(=O)C(=O)c1c-2ccc2c1CCCC2(C)C,10000.0,10000.0
CHEMBL5220840,Cn1ncc2c(NC[C@@H]3CCCC[C@H]3O)cc(Br)cc21,38010.0,33240.0
CHEMBL5619844,COc1ccc2cc(C34C[C@H]5C[C@@H](C3)C[C@@H](C4)C5)ncc2c1OC,17820.0,2640.0
CHEMBL5620227,COc1ccc2cc(-c3ccc(F)cc3)ncc2c1O,100000.0,50960.0
CHEMBL5619886,COc1ccc2cc(-c3ccc(NC(C)=O)cc3)ncc2c1O,2110.0,350.0
CHEMBL5619884,COc1ccc2cc(-c3ccc(NC(=O)Nc4ccccc4)cc3)ncc2c1O,50490.0,14290.0
CHEMBL5783691,Cc1sc2cncn2c1[C@H](O)C1CCCCC1,37.3,60.4
CHEMBL5936519,OC(c1c(Br)sc2cncn12)C1CCCCC1,28.0,218.0
CHEMBL5826989,O[C@H](CC1CCCC1)c1c(C2CC2)sc2cncn12,20.5,356.0
CHEMBL5752652,CC1(C)CCC(CC(O)c2c(C3CC3)sc3cncn23)CC1,75.2,775.0
CHEMBL5817587,OC(c1cccs1)c1c(Br)sc2cncn12,63.4,643.0
CHEMBL6001138,CCc1cccc(C(O)c2c(C3CC3)sc3cncn23)c1,120.0,1850.0
CHEMBL5799919,OC(Cc1cccc2ccccc12)c1c(C2CC2)sc2cncn12,325.0,3510.0
CHEMBL5824104,CC1(C)CCCC(C(O)c2c(C3CC3)sc3cncn23)C1,40.0,255.0
CHEMBL6041237,OC(CC1CCCCC1)c1c(-c2ccccc2)sc2cncn12,296.0,496.0
CHEMBL5792659,OC(CC1CCCC1c1ccccc1)c1c(C2CC2)sc2cncn12,139.0,3770.0
CHEMBL5760936,Cc1sc2cncn2c1C(O)C#Cc1ccccc1,459.0,10200.0
CHEMBL5998032,OC(c1ccc(C(F)(F)F)cc1)c1c(C2CC2)sc2cncn12,305.0,2700.0
CHEMBL5952367,OC(CC1c2ccccc2-c2nncn21)C1CCCCC1,10000.0,10000.0
CHEMBL5966573,Fc1cccc2c1C(C1CCN(c3ccc(Cl)cn3)CC1)n1cncc1-2,7.23,195.0
CHEMBL5826390,CC1(C)CN(c2cc(Cl)cc3cncn23)CCC12NC(=O)NC2=O,148.0,1585.0
CHEMBL3989951,O[C@H](C[C@H]1c2c(F)cccc2-c2cncn21)[C@H]1CC[C@H](O)CC1,13.0,150.0
CHEMBL198937,Oc1cccc(-c2c[nH]nn2)c1,310000.0,100000.0
CHEMBL1442185,Cc1ccccc1Cn1nnc2c1C(=O)c1ccccc1C2=O,808.9,561.0
CHEMBL3628554,O=C1c2ccccc2C(=O)c2c1nnn2Cc1cccc(Br)c1,3163.0,768.0
CHEMBL3628555,O=C1c2ccccc2C(=O)c2c1nnn2Cc1ccc(Br)cc1,10000.0,1586.0
CHEMBL3628600,CC(=O)N1CCN(C(=O)c2ccc(Cn3nnc4c3C(=O)c3ccccc3C4=O)cc2)CC1,1097.0,176.0
CHEMBL4293499,CCOC(=O)Nc1oc2c(-c3cc(C)nc(C)c3)nccc2c1N(C(=O)OCC)c1ccc(F)c(Cl)c1,1000.0,2000.0
CHEMBL4278779,Cc1ncc(C)c2c(Nc3ccc(F)c(Cl)c3)c(N)oc12,200.0,500.0
CHEMBL4294184,Nc1oc2cnccc2c1Nc1ccc(F)c(Br)c1,200.0,500.0
CHEMBL4286735,N#Cc1ccc(Nc2c(N)oc3cnccc23)cc1,1000.0,500.0
CHEMBL4285928,Nc1oc2cnccc2c1Nc1cc(F)c(F)c(Br)c1,1000.0,2000.0
CHEMBL4288032,Nc1oc2cnccc2c1Nc1ccc(F)c(Cl)c1,200.0,500.0
CHEMBL4280768,Cc1cc(-c2nc(F)cc3c(Nc4ccc(F)c(F)c4)c(N)oc23)ccn1,200.0,500.0
CHEMBL4468567,Cl.NOC(c1ccccc1)C1CCCCC1,21000.0,2770000.0
CHEMBL4797963,O=C(Nc1ccc(Cl)cc1)C(CCO)N1CCC2(CC1)COc1cc(C(F)(F)F)ccc12,86.0,9500.0
CHEMBL4751316,O=C(Nc1ccc(C(F)F)cc1)C(=O)N1CCC(c2ccnc3ccc(F)cc23)CC1,21.0,5800.0
CHEMBL4756754,Cc1cccc(-n2nnc3c2C(=O)c2ccccc2C3=O)c1,122.0,64.0
CHEMBL4791729,O=C1c2ccccc2C(=O)c2c1nnn2-c1ccc(Cl)c(F)c1,20.0,18.0
CHEMBL4777850,O=[N+]([O-])c1ccc(N/C(Cc2ccc(Cl)c(Cl)c2)=N\O)c2nonc12,39.0,32000.0
CHEMBL4646657,O=C1c2cc(F)ccc2-n2c1nc1ccc(CN3CCC(C(=O)O)CC3)cc1c2=O,480.0,450.0
CHEMBL4644751,C[C@H](C(=O)Nc1ccc(F)cc1)C12CC(NC(=O)c3ccc(F)c(F)c3)(C1)C2,1.9,10000.0
CHEMBL4786080,CC(=O)Nc1cc(Nc2ccc(F)c(C3CC3)c2)c2cc(C(=O)O)[nH]c2c1,2950.0,5450.0
CHEMBL4743717,CC(=O)Nc1cc(Nc2ccc(F)nc2)c2cc(C(=O)O)[nH]c2c1,38500.0,46100.0
CHEMBL5177466,NC(=O)Nc1ccc(-c2c[nH]c3cc(F)ccc23)cc1,49.0,78.0
CHEMBL5187823,Cc1c[nH]c2c1C(=O)C(=O)c1c-2ccc2c1CCCC2(C)C,10000.0,10000.0
CHEMBL5172044,CC1(C)C(=O)C=Cc2c1ccc1c2C(=O)C(=O)c2c(CF)coc2-1,420.0,570.0
CHEMBL5206950,CC(=O)OCc1coc2c1C(=O)C(=O)c1c-2ccc2c1CCC(=O)C2(C)C,1730.0,670.0
CHEMBL5219380,CC1(C)CN(c2cc(Br)cc3[nH]ncc23)CCN1S(C)(=O)=O,260.0,450.0
CHEMBL5218529,OC(CNc1cc(Br)cc2[nH]ncc12)C1CCCCC1,300000.0,300000.0
CHEMBL5220376,CC(C)(C)OC(=O)N1CCC(CNc2cc(Br)cc3[nH]ncc23)C1,9020.0,1360.0
CHEMBL5220064,COc1ccccc1C(=O)CC(=O)c1ccc(C)cc1O,20600.0,20600.0
CHEMBL5618188,COc1ccc2cc(-c3ccc(F)cc3)ncc2c1OC,42620.0,9080.0
CHEMBL5620243,COc1ccc2cc(-c3cccs3)ncc2c1O,20990.0,1020.0
CHEMBL5804495,CC1(C)CN(c2cc(Cl)cn3cncc23)CCN1S(C)(=O)=O,300.0,300.0
CHEMBL5753240,CNC(=O)c1ccc(C2CCN(c3cc(C(F)(F)F)cc4cncn34)CC2)cc1,300.0,300.0
CHEMBL5824782,CCc1ccc(C(O)c2c(C3CC3)sc3cncn23)cc1,60.1,1530.0
CHEMBL5947957,OC(Cc1c(Cl)cccc1Cl)c1c(C2CC2)sc2cncn12,287.0,455.0
CHEMBL6019793,CC1([C@H](O)c2c(C3CC3)sc3cncn23)CCCC1,4.37,42.5
CHEMBL5946840,OC(c1c(C2CC2)sc2cncn12)C1CCCC1c1ccccc1,296.0,5200.0
CHEMBL6059648,OC(CC1CCCC2CCCCC21)c1c(C2CC2)sc2cncn12,528.0,2130.0
CHEMBL5874424,CC1CCCC1C(O)c1c(C(F)(F)F)sc2cncn12,191.0,187.0
CHEMBL5835192,Cc1sc2cncn2c1C(O)CC1CCC(C)(C)CC1,199.0,1950.0
CHEMBL1098875,O=C1c2cc(F)ccc2-n2c1nc1ccccc1c2=O,23.0,937.0
CHEMBL4294010,Nc1sc2ccccc2c1Nc1ccc(Cl)c(C(F)(F)F)c1,200.0,2000.0
CHEMBL4294365,Nc1oc2cnccc2c1Nc1cc(Cl)ccc1Cl,1000.0,2000.0
CHEMBL4290878,Nc1oc2cnccc2c1Nc1ccc(F)cc1Br,1000.0,2000.0
CHEMBL4279449,N#Cc1nccc2c(Nc3ccc(F)c(F)c3)c(N)oc12,200.0,500.0
CHEMBL4276905,Nc1oc2c(-c3ccccc3Cl)nccc2c1Nc1ccc(F)c(F)c1,200.0,500.0
CHEMBL4284116,Cc1cc(Br)ccc1Nc1c(N)sc2ccccc12,1000.0,2000.0
CHEMBL4293453,Cc1cc(-c2nccc3c(Nc4ccc(F)cc4F)c(N)oc23)ccn1,200.0,500.0
CHEMBL4516705,Cl.NOC(c1ccc(F)cc1)c1ccc(F)cc1,9000.0,9000.0
CHEMBL4794331,N#Cc1ccc(NC(=O)C(=O)N2CCC(c3ccnc4ccc(F)cc34)CC2)cc1,36.0,5500.0
CHEMBL4740188,O=C(Nc1ccc(Cl)cc1F)C(=O)N1CCC(c2ccnc3ccc(F)cc23)CC1,7.0,6700.0
CHEMBL4644195,CC1(C)OB(c2ccc3nc4n(c(=O)c3c2)-c2ccc(F)cc2C4=O)OC1(C)C,13090.0,6020.0
CHEMBL4791116,COc1cc(Nc2ccc(F)c3[nH]c(C(=O)O)cc23)cc(OC)c1OC,22200.0,23300.0
CHEMBL4777678,O=C(O)c1cc2c(Nc3ccc(F)c4[nH]c(C(=O)O)cc34)ccc(F)c2[nH]1,2720.0,3480.0
CHEMBL3192687,O=S(=O)(/N=C/c1c(O)ccc2ccccc12)c1cccs1,1390.0,11310.0
CHEMBL5207925,O=C(O)CNc1cccc(CNc2cc(C(F)(F)F)cc3[nH]ncc23)c1,100000.0,100000.0
CHEMBL5205565,CC1(C)C(=O)C=Cc2c1ccc1c2C(=O)C(=O)c2c(C=O)coc2-1,10000.0,10000.0
CHEMBL5219838,Nc1cc(Br)cc2[nH]ncc12,8490.0,1390.0
CHEMBL5618748,COc1ccc2cc(-c3ccc(NS(=O)(=O)C(F)(F)F)cc3)ncc2c1O,310.0,80.0
CHEMBL5799846,CC1(C)CN(c2cc(Br)cc3cncn23)CCN1S(C)(=O)=O,300.0,300.0
CHEMBL5787255,CC(C)c1sc2cncn2c1[C@@H](O)CC1CCCCC1,15.5,386.0
CHEMBL5914264,O[C@H](CC1CCCCC1)c1c(C2CCC2)sc2cncn12,72.3,129.0
CHEMBL5756878,OC(CC1CCC(C2CCCC2)CC1)c1c(C2CC2)sc2cncn12,757.0,2800.0
CHEMBL6063608,OC(c1cccs1)c1c(C2CC2)sc2cncn12,90.3,1580.0
CHEMBL5941820,O=[N+]([O-])c1cc(C(F)(F)F)ccc1N1CCC(C(O)CC2c3ccccc3-c3cncn32)CC1,500.0,200.0
CHEMBL6050798,O=C(CC1c2c(F)cccc2-c2cncn21)C12CC3CC(CC(O)(C3)C1)C2,100.0,200.0
CHEMBL4242333,O=C1c2cccnc2C(=O)c2c1c(C(=O)Nc1ccccc1)c1ccccn21,361.0,7300.0
CHEMBL194853,Cc1cccc(-c2c[nH]nn2)c1,22000.0,100000.0
CHEMBL198194,Nc1cccc(-c2c[nH]nn2)c1,1500000.0,100000.0
CHEMBL2146496,Clc1cc(-c2c[nH]nn2)ccn1,2800.0,100000.0
CHEMBL4292556,O=C(Nc1oc2cnccc2c1Nc1ccc(F)c(Cl)c1)OCc1ccccc1,1000.0,500.0
CHEMBL4293716,Nc1oc2c(-c3ccccc3Cl)nccc2c1Nc1ccc(F)c(Cl)c1,200.0,500.0
CHEMBL4292025,Nc1oc2cnccc2c1Nc1cc(Cl)c(F)cc1F,1000.0,2000.0
CHEMBL4291358,Nc1oc2cnccc2c1Nc1ccc(F)cc1Cl,1000.0,500.0
CHEMBL4280533,COc1cc2c(Nc3ccc(F)c(Cl)c3)c(N)oc2c(-c2ccc(C#N)cc2)n1,200.0,2000.0
CHEMBL4283317,Nc1oc2cc([N+](=O)[O-])ccc2c1Nc1ccc(F)c(Cl)c1,200.0,500.0
CHEMBL4287789,Nc1oc2c(F)nc(F)cc2c1Nc1ccc(F)c(Cl)c1,200.0,500.0
CHEMBL4292812,Nc1oc2c(-c3cc(Cl)cc(Cl)c3)nccc2c1Nc1ccc(F)c(Cl)c1,200.0,2000.0
CHEMBL4536439,CN1CCN(c2ccc3nc4n(c(=O)c3c2)-c2ccc(F)cc2C4=O)CC1,2200.0,760.0
CHEMBL4531639,Fc1cccc2c1C(c1ccccc1)n1cncc1-2,2741.0,374.0
CHEMBL4585863,Cn1cc(-c2cccc(N3CCC(C4c5c(F)cccc5-c5cncn54)CC3)c2)cn1,79.0,639.0
CHEMBL4443640,Cl.NOC(CCc1cccc(Cl)c1)c1ccccc1,7000.0,58700.0
CHEMBL4455554,Cl.NOC(CCc1ccccc1)c1ccccc1F,16000.0,49700.0
CHEMBL4748868,O=C1c2ccccc2C(=O)c2c1nnn2-c1ccc(F)cc1,58.0,49.0
CHEMBL4783159,O=C1c2ccccc2C(=O)c2c1nnn2-c1ccc2[nH]ncc2c1,45.0,42.0
CHEMBL4784589,CC(=O)Nc1cc(Nc2cccc3[nH]ncc23)c2cc(C(=O)O)[nH]c2c1,7520.0,6780.0
CHEMBL4747079,CCNC1=C/C(=N\c2ccc(F)c(Cl)c2)c2cc(C(=O)O)[nH]c2C1=O,18.0,25.0
CHEMBL4781631,CC(=O)Nc1cc(Nc2ccc(OC(F)F)cc2)c2cc(C(=O)O)[nH]c2c1,3180.0,5500.0
CHEMBL5192259,O=[N+]([O-])c1ccccc1CNc1cc(C(F)(F)F)cc2[nH]ncc12,13950.0,2550.0
CHEMBL5199816,N#Cc1cc(NCc2ccccc2[N+](=O)[O-])c2cn[nH]c2c1,100000.0,100000.0
CHEMBL5619334,COc1ccc2cc(-c3ccc(Br)cc3)ncc2c1OC,78610.0,34280.0
CHEMBL5618425,COc1ccc2cc(-c3ccc(C(=O)Nc4ccccc4)cc3)ncc2c1O,10100.0,250.0
CHEMBL5619398,COc1ccc2cc(-c3ccc(NS(=O)(=O)C4CC4)cc3)ncc2c1O,4540.0,3360.0
CHEMBL6027024,OC(c1c(Cl)sc2cncn12)C1CCCC1,168.0,228.0
CHEMBL5956674,CC1CCC(C(O)c2c(C3CC3)sc3cncn23)CC1,15.8,383.0
CHEMBL6014469,OC(Cc1ccccc1)c1c(C2CC2)sc2cncn12,249.0,881.0
CHEMBL6006016,O[C@@H](c1ccccc1)c1c(C2CC2)sc2cncn12,20.0,494.0
CHEMBL5942721,OC(c1c(C2CC2)sc2cncn12)C1CCC(C(F)(F)F)CC1,43.3,772.0
CHEMBL5999636,CC(C)Cc1sc2cncn2c1C(O)CC1CCCCC1,837.0,1070.0
CHEMBL5784292,OC(c1c(C2CC2)sc2cncn12)C1CCC(C2CCC2)CC1,70.1,1780.0
CHEMBL5765220,Cc1sc2cncn2c1C(O)CC1CCC(c2ccccc2)C1,167.0,1890.0
CHEMBL5917950,OC(CC1CCC(c2ccccc2)C1)c1c(C(F)(F)F)sc2cncn12,666.0,10200.0
CHEMBL6011966,CCc1sc2cncn2c1C(O)C1(C)CCCCC1,7.04,66.8
CHEMBL5806290,CC(C)n1cc(C(O)c2c(C3CC3)sc3cncn23)cn1,111.0,10200.0
CHEMBL6061902,CC(C)n1cc(C(O)c2c(C3CC3)sc3cncn23)nn1,304.0,10200.0
CHEMBL5814027,COc1cccc(NC(=O)C2CCC([C@@H]3c4c(F)cccc4-c4cncn43)CC2)c1,36.1,184.0
CHEMBL3752711,O[C@H](C[C@H]1c2ccccc2-c2cncn21)C1CCCCC1,1000.0,370.0
CHEMBL3971895,N#Cc1c(-c2cccc(Cl)c2)c2c(=O)[nH]c(=O)[nH]c2[nH]c1=O,296.0,3000.0
CHEMBL2148002,FC(F)(F)c1ccccc1-c1c[nH]nn1,650000.0,100000.0
CHEMBL3628598,O=C1c2ccccc2C(=O)c2c1nnn2Cc1cccc(C(=O)N2CCOCC2)c1,936.0,48.0
CHEMBL4164194,Oc1cccc(-c2cncn2Cc2cc3cc(F)ccc3[nH]2)c1,4640.0,42500.0
CHEMBL4278364,Nc1sc2ccc(Cl)cc2c1Nc1ccccc1,200.0,2000.0
CHEMBL4294746,Nc1oc2cnccc2c1Nc1cncc(Cl)c1,1000.0,500.0
CHEMBL4278281,Nc1oc2cnc(F)cc2c1Nc1cccc(C(F)(F)F)c1,200.0,500.0
CHEMBL4588805,O=C1c2cc(F)ccc2-n2c1nc1ccc(CN3CCOCC3)cc1c2=O,400.0,870.0
CHEMBL4578338,O=C1c2cc(F)ccc2-n2c1nc1ccc(N3CCCCC3)cc1c2=O,1800.0,10090.0
CHEMBL4588985,O=C(c1ccccc1)N1CCC(C2c3c(F)cccc3-c3cncn32)CC1,3563.0,1275.0
CHEMBL4463063,N#Cc1ccc(N2CCC(C3c4c(F)cccc4-c4cncn43)CC2)cc1,81.0,394.0
CHEMBL4435398,Fc1cccc2c1C(C1CCN(c3ccc(N4CCOCC4)cc3)CC1)n1cncc1-2,358.0,1029.0
CHEMBL4435524,Fc1cccc2c1C(C1CCN(c3ccc(-c4cccnc4)cc3)CC1)n1cncc1-2,70.0,183.0
CHEMBL4294515,CC(=O)CC(=O)CC1(O)C(=O)Nc2ccccc21,450.0,56120.0
CHEMBL4741630,C[C@H](C(=O)Nc1ccc(Cl)cc1)[C@H]1CC[C@@]2(CC1)COc1cc(C(F)(F)F)ccc12,51.0,7800.0
CHEMBL4792463,O=C(Nc1ccc(C(F)(F)F)cc1)C(=O)N1CCC(c2ccnc3ccc(F)cc23)CC1,90.0,9500.0
CHEMBL4762872,O=C(O)c1cc2c(Nc3ccc(F)c(OC(F)(F)F)c3)ccc(F)c2[nH]1,16300.0,16500.0
CHEMBL4754740,CC(=O)Nc1cc(Nc2ccc(F)c(OCc3ccccc3)c2)c2cc(C(=O)O)[nH]c2c1,10000.0,5240.0
CHEMBL4296835,Oc1ccc(/N=N/c2nccs2)c(O)c1,45040.0,43280.0
CHEMBL5208412,FC(F)(F)c1cc(NCc2cccc(Br)c2)c2cn[nH]c2c1,100000.0,19090.0
CHEMBL5205978,O=[N+]([O-])c1cc(Cl)ccc1CNc1cc(C(F)(F)F)cc2[nH]ncc12,18000.0,1700.0
CHEMBL5200688,O=[N+]([O-])c1cccc(CNc2cc(Br)cc3[nH]ncc23)c1,7950.0,1600.0
CHEMBL5181934,O=[N+]([O-])c1ccc(CNc2cc(Br)cc3[nH]ncc23)cc1,6970.0,2230.0
CHEMBL5219717,O=C(CNc1cc(Br)cc2[nH]ncc12)c1ccc(O)cc1,137100.0,147700.0
CHEMBL5935516,O=S(=O)(Cc1ccccc1)NC1C2CC3CC1CC([C@H](O)CC1c4c(F)cccc4-c4cncn41)(C3)C2,100.0,300.0
CHEMBL5939314,CC1CCC(C(O)c2c(C(F)(F)F)sc3cncn23)CC1,84.1,1960.0
CHEMBL5743757,CN1C(=O)NC2(CCN(c3cc(C(F)(F)F)cc4cncn34)CC2)C1=O,1288.0,1820.0
CHEMBL4277184,Nc1sc2ccccc2c1Nc1ccccc1,200.0,500.0
CHEMBL4287280,CCCCOc1cc2c(Nc3ccc(F)c(Cl)c3)c(N)oc2c(-c2ccccc2)n1,1000.0,2000.0
CHEMBL4281184,Nc1oc2cnccc2c1Nc1ccc(F)c(OC(F)(F)F)c1,200.0,2000.0
CHEMBL4288159,CC(=O)c1ccc(Nc2c(N)oc3cnccc23)cc1,1000.0,500.0
CHEMBL4288676,Nc1oc2cnccc2c1Nc1ccc2c(c1)OCO2,200.0,500.0
CHEMBL4281552,Nc1oc2cnccc2c1Nc1ccc(Cl)c(Cl)c1,200.0,500.0
CHEMBL4291734,Nc1oc2cnc(F)cc2c1Nc1ccc(F)cc1,200.0,500.0
CHEMBL4283776,CCc1ccccc1Nc1c(N)sc2ccccc12.Cl,1000.0,2000.0
CHEMBL4289093,Nc1oc2c(-c3ccnc(C(=O)Nc4ccccc4)c3)nccc2c1Nc1ccc(F)c(Cl)c1,200.0,2000.0
CHEMBL4293836,CC(C)(C)c1cc(-c2nccc3c(Nc4ccc(F)c(Cl)c4)c(N)oc23)ccn1,200.0,2000.0
CHEMBL1652343,O=C1Nc2ccccc2/C1=N/Nc1ccc(Cl)cc1,630.0,53380.0
CHEMBL4752478,CC(C(=O)Nc1ccc(Cl)cc1)N1CCC2(CC1)COc1cc(C(F)(F)F)ccc12,1320.0,35600.0
CHEMBL4764848,O=C(Nc1ccc(Cl)cc1F)C(=O)N1CCCC(c2ccnc3ccc(F)cc23)CC1,8.0,5900.0
CHEMBL4749799,O=C(Nc1ccc(Cl)cc1F)C(=O)N1CCC=C(c2ccnc3ccc(F)cc23)CC1,5.0,16000.0
CHEMBL4741094,O=C1c2ccccc2C(=O)c2c1nnn2-c1ccc([N+](=O)[O-])cc1,33.0,48.0
CHEMBL4747007,O=C1c2ccc(O)cc2C(=O)c2c1nnn2-c1ccc(F)c(Cl)c1,355.0,384.0
CHEMBL4765090,O=C1c2ccc(F)cc2C(=O)c2c1nnn2-c1ccc(F)c(Cl)c1,10.0,10.0
CHEMBL4752806,O=[N+]([O-])c1ccc(N/C(Cc2ccc(Cl)cc2)=N\O)c2nonc12,127.0,51000.0
CHEMBL4739919,O=C(/C(=N/O)Nc1ccc(F)c(Br)c1)c1ccco1,1677.0,100000.0
CHEMBL4784061,O=C(/C(=N/O)Nc1ccc(F)c(Br)c1)c1cccs1,272.0,63091.0
CHEMBL4439294,O[C@@H]1c2ccnn2CC[C@H]1[C@H]1c2ccccc2-c2cncn21,4500.0,130.0
CHEMBL38596,c1csc(-c2nccc3c2[nH]c2ccccc23)c1,50000.0,10840.0
CHEMBL5172374,CC1(C)C(=O)CCc2c1ccc1c2C(=O)C(=O)c2c(CO)coc2-1,160.0,200.0
CHEMBL5220436,CC(=O)O[C@@H]1CCCC[C@H]1CNc1cc(Br)cc2[nH]ncc12,5780.0,190.0
CHEMBL5279540,C=CC1(C=C)Oc2c(NC(=O)Nc3ccc(C)cc3)cc(-c3ccccc3-c3nn[nH]n3)cc2[C@@H]1c1ccccc1,3.4,7500.0
CHEMBL5745963,OC1C2CC3CC1CC([C@H](O)CC1c4c(F)cccc4-c4cncn41)(C3)C2,100.0,300.0
CHEMBL5816105,CC(=O)N1CCN(c2cc(C(F)(F)F)cn3cncc23)CC1,100000.0,300.0
CHEMBL5955327,CS(=O)(=O)N1CCC(Nc2cc(C(F)(F)F)cn3cncc23)CC1,100000.0,300.0
CHEMBL6013565,CC(=O)N1CCN(Cc2cc(Cl)cc3cncn23)CC1(C)C,300.0,300.0
CHEMBL5752574,OC(c1c(Cl)sc2cncn12)C1CC1,1040.0,2660.0
CHEMBL5908179,CC1CCCC(C(O)c2c(C3CC3)sc3cncn23)C1,17.2,384.0
CHEMBL6019009,OC(c1c(C2CC2)sc2cncn12)C1CCCC1,11.4,473.0
CHEMBL6049323,CC(CC(O)c1c(C2CC2)sc2cncn12)C1CCCCC1,124.0,931.0
CHEMBL6020243,O[C@H](c1c(C(F)(F)F)sc2cncn12)C1CCCCC1,20.9,341.0
CHEMBL5879847,C=Cc1sc2cncn2c1C(O)C1CCCCC1,14.4,29.3
CHEMBL5907870,CC1CCCC(CC(O)c2c(C(F)(F)F)sc3cncn23)C1,205.0,3810.0
CHEMBL5885631,COc1ccc(-c2sc3cncn3c2C(O)C2CCCCC2)cc1,3090.0,1990.0
CHEMBL6060228,OC(c1c(C(F)(F)F)sc2cncn12)C1CCCC1,44.3,591.0
CHEMBL5911062,CCc1sc2cncn2c1C(O)C1(C)CCCC1,4.97,28.7
CHEMBL5775679,Cc1sc2cncn2c1C(O)C1(C)CCCCC1,32.4,37.9
CHEMBL5872479,CCn1cc(C(O)c2c(C3CC3)sc3cncn23)nn1,498.0,10200.0
CHEMBL193664,c1ccc(-c2cnn[nH]2)cc1,60000.0,100000.0
CHEMBL4293178,Nc1sc2ccc(Cl)cc2c1Nc1ccc(F)cc1,200.0,500.0
CHEMBL4280928,Nc1oc2c(-c3ccncc3)nccc2c1Nc1cc(F)cc(F)c1,200.0,500.0
CHEMBL4278584,Nc1sc2c(-c3ccccc3)cccc2c1Nc1ccc(F)c(Cl)c1,200.0,2000.0
CHEMBL4518260,Cn1cc(-c2cnc(N3CCC(C4c5c(F)cccc5-c5cncn54)CC3)nc2)cn1,113.0,579.0
CHEMBL4585089,NS(=O)(=O)CC(=O)NCCSc1nonc1/C(=N/O)Nc1cccc(Cl)c1,21.0,10000.0
CHEMBL4519297,Cl.NOC(c1ccccc1)c1cccc(C(F)(F)F)c1,1730.0,12000.0
CHEMBL4754615,C[C@@H](C(=O)Nc1ccc(Cl)cc1)[C@H]1CC[C@]2(CC1)COc1cc(C(F)(F)F)ccc12,69.0,10500.0
CHEMBL4632992,C[C@H](C(=O)Nc1ccc(F)cc1)C12CC(NC(=O)c3cccc(Cl)c3)(C1)C2,3.1,10000.0
CHEMBL4779207,COc1cc(Nc2cc(NC(C)=O)cc3[nH]c(C(=O)O)cc23)ccc1F,1230.0,2490.0
CHEMBL355606,Fc1ccc2c(/C=C/c3cccnc3)c[nH]c2c1,350000.0,280.0
CHEMBL5207789,Cc1ccc(CNc2cc(C(F)(F)F)cc3[nH]ncc23)c([N+](=O)O)c1,100000.0,620.0
CHEMBL5197972,O=[N+](O)c1c(Cl)cccc1CNc1cc(C(F)(F)F)cc2[nH]ncc12,60000.0,170.0
CHEMBL5200740,C[C@@H](C=O)C1=C(O)C(=O)c2c(ccc3c2CCCC3(C)C)C1=O,10000.0,10000.0
CHEMBL5220402,OCC(Nc1cc(Br)cc2[nH]ncc12)c1cccc(Cl)c1,18330.0,2040.0
CHEMBL5620192,COc1ccc2nc(-c3ccccc3)ncc2c1O,100000.0,100000.0
CHEMBL5618781,COc1ccc2cc(-c3ccc(NC(=O)c4ccc(C)cc4)cc3)ncc2c1O,100000.0,45300.0
CHEMBL6004007,CN1C(=O)C(N2CCN(Cc3cc(C(F)(F)F)cn4cncc34)CC2)C(=O)C1(C)C,17400.0,17400.0
CHEMBL6017414,OC(CC1CC2C=CC1C2)c1c(C2CC2)sc2cncn12,22.6,191.0
CHEMBL5977584,CC1CCCC1C(O)c1c(C2CC2)sc2cncn12,8.4,70.6
CHEMBL5954392,CC1(C)CCCC(CC(O)c2c(C3CC3)sc3cncn23)C1,85.1,546.0
CHEMBL5792400,OC(CC1CCCC1)c1c(C(F)(F)F)sc2cncn12,101.0,2430.0
CHEMBL5964247,OC(c1c(C2CC2)sc2cncn12)C1CC2CCCC2C1,7.07,259.0
CHEMBL5968012,CCNC1CCC(CC(O)c2c(C3CC3)sc3cncn23)CC1,2370.0,10200.0
CHEMBL5925497,OC(c1ccsc1)c1c(C2CC2)sc2cncn12,77.3,1770.0
CHEMBL306946,O=C1c2ccccc2-n2c1nc1ccccc1c2=O,53.7,3940.0
CHEMBL3927265,Nc1n[nH]c2c1C(c1ccc(F)c(Cl)c1)c1c(N)n[nH]c1O2,378.0,3000.0
CHEMBL3628599,CN1CCN(C(=O)c2cccc(Cn3nnc4c3C(=O)c3ccccc3C4=O)c2)CC1,640.0,30.0
CHEMBL4279010,C#Cc1cccc(Nc2c(N)sc3ccccc23)c1,200.0,2000.0
CHEMBL4290984,Cl.Nc1sc2ccccc2c1Oc1cccc(Cl)c1,1000.0,2000.0
CHEMBL4292857,CCOc1cc2c(Nc3ccc(F)c(Cl)c3)c(N)oc2c(-c2ccccc2)n1,200.0,2000.0
CHEMBL4279536,Nc1oc2c(-c3ccncc3)nccc2c1Nc1ccc(F)c(Cl)c1,200.0,500.0
CHEMBL4279406,Nc1oc2cnccc2c1Nc1ccc(F)c(C(F)(F)F)c1,200.0,500.0
CHEMBL4281087,CC(C)(C)c1cc(Nc2c(N)oc3cnccc23)cc(C(C)(C)C)c1,1000.0,500.0
CHEMBL4287480,COc1cc2c(Nc3ccc(F)c(Cl)c3)c(N)oc2c(Br)n1,200.0,2000.0
CHEMBL4289506,COc1cc2c(Nc3ccc(F)c(Cl)c3)c(N)oc2c(-c2ccc(C(N)=O)cc2)n1,200.0,2000.0
CHEMBL4280101,Nc1sc2cnc(F)cc2c1Nc1ccc(F)c(F)c1,200.0,500.0
CHEMBL4284457,CNC(=O)c1cc(-c2nccc3c(Nc4cccc(C(F)(F)F)c4)c(N)oc23)ccn1,200.0,2000.0
CHEMBL4285170,Cc1cc(-c2nccc3c(Nc4cccc(Cl)c4)c(N)oc23)ccn1,200.0,500.0
CHEMBL4279530,Cc1cc(-c2cccc3c(Nc4ccc(F)c(Cl)c4)c(N)oc23)ccn1,200.0,2000.0
CHEMBL4755902,COc1ccc(Nc2cc(NC(C)=O)cc3[nH]c(C(=O)O)cc23)cn1,3410.0,3620.0
CHEMBL4749687,Cc1cc(Nc2ccc(F)c(Cl)c2)c2cc(C(=O)O)[nH]c2c1,35600.0,22500.0
CHEMBL4741917,CC(=O)Nc1cc(Nc2ccc(F)c(-c3ccsc3)c2)c2cc(C(=O)O)[nH]c2c1,3890.0,2530.0
CHEMBL5081219,O/N=C(\Nc1ccc(F)c(Cl)c1)c1cnc(Cl)s1,68.3,2298.0
CHEMBL5204788,Oc1ccc(CNc2cc(C(F)(F)F)cc3[nH]ncc23)cc1,36740.0,2550.0
CHEMBL5219108,O=C(N[C@@H]1CCCC[C@H]1O)c1cc(Br)cc2[nH]ncc12,300000.0,58410.0
CHEMBL5620119,COc1ccc2cc(-c3ccc(C(C)(C)C)cc3)ncc2c1OC,100000.0,23120.0
CHEMBL5894960,CS(=O)(=O)N1CCN(c2cc(Cl)cn3cncc23)CC1,17400.0,300.0
CHEMBL5748940,CC1(C)CN(c2cc(C(F)(F)F)cn3cncc23)CCN1S(C)(=O)=O,300.0,300.0
CHEMBL5918046,OC(CC1CCC(c2ccccc2)C1)c1c(C2CC2)sc2cncn12,114.0,1570.0
CHEMBL5765336,OC(c1c(C2CC2)sc2cncn12)C1CCC2(CCCC2)CC1,72.1,746.0
CHEMBL5961964,CC1CC(C)(C)CC1C(O)c1c(C2CC2)sc2cncn12,172.0,247.0
CHEMBL5906358,CC1(C(O)c2c(C(F)(F)F)sc3cncn23)CCCC1,16.3,54.7
CHEMBL5915493,OC(c1c(C2(F)CC2)sc2cncn12)C1CCCCC1,115.0,1760.0
CHEMBL6025014,OC(CC1c2c(F)cccc2-c2cncn21)C12CCC(O)(CC1)CC2,100.0,200.0
CHEMBL5950706,CC1(C)OC[C@H](Cn2cc(-c3ccc(N4CCC(C5c6c(F)cccc6-c6cncn65)CC4)cc3)cn2)O1,35.9,220.0
CHEMBL1346056,Oc1ccccc1-c1nc2c3ccccc3c3ccccc3c2[nH]1,3300.0,12250.0
CHEMBL3628593,O=C(O)c1cccc(Cn2nnc3c2C(=O)c2ccccc2C3=O)c1,1242.0,167.0
CHEMBL3628597,CC(=O)N1CCN(C(=O)c2cccc(Cn3nnc4c3C(=O)c3ccccc3C4=O)c2)CC1,602.0,59.0
CHEMBL3628604,CCN(CC)C(=O)Cc1ccc(Cn2nnc3c2C(=O)c2ccccc2C3=O)cc1,921.8,145.0
CHEMBL4163084,Oc1ccccc1-c1cncn1Cc1cc2cc(Br)ccc2[nH]1,180.0,157600.0
CHEMBL4280079,Cc1cc(-c2nccc3c(Nc4ccc(F)c(Cl)c4)c(N)oc23)cc(C)n1,200.0,2000.0
CHEMBL4287458,N#Cc1ccc2c(Nc3ccccc3Cl)c(N)oc2c1,1000.0,2000.0
CHEMBL4278098,N#Cc1ccc2c(Nc3cccc(C(F)(F)F)c3)c(N)oc2c1,200.0,500.0
CHEMBL4291741,N#Cc1cccc(Nc2c(N)oc3cnccc23)c1,1000.0,2000.0
CHEMBL4282241,CC(F)(F)c1cc(Nc2c(N)oc3cnccc23)ccc1F,200.0,2000.0
CHEMBL4290983,Nc1oc2cnccc2c1Nc1ccc(OC(F)(F)F)cc1,1000.0,500.0
CHEMBL4287297,Cc1ccc(Nc2c(N)oc3cnccc23)cc1Cl,200.0,500.0
CHEMBL4283161,Nc1oc2cnccc2c1Nc1ccc(Oc2ccccc2)cc1,1000.0,2000.0
CHEMBL4289482,Nc1oc2cnccc2c1Nc1cccc(Cl)c1,200.0,500.0
CHEMBL4291671,Nc1oc2c(F)nccc2c1Nc1ccc(F)c(Cl)c1,200.0,500.0
CHEMBL4281808,Nc1oc2c(-c3cccc4ccccc34)nccc2c1Nc1ccc(F)c(Cl)c1,200.0,500.0
CHEMBL4287776,CCOC(=O)Nc1sc2ccccc2c1Nc1ccc(F)c(Cl)c1,1000.0,2000.0
CHEMBL4284653,Nc1oc2cnc(F)cc2c1Nc1ccccc1Cl,200.0,500.0
CHEMBL4291007,Cc1cc(-c2nc(C)cc3c(Nc4ccc(F)c(Cl)c4)c(N)oc23)ccn1,200.0,2000.0
CHEMBL4545004,CN1CCN(Cc2ccc3nc4n(c(=O)c3c2)-c2ccccc2C4=O)CC1,2520.0,2410.0
CHEMBL4451390,Cl.NOC(c1ccccc1)c1ccccc1Br,17000.0,22500.0
CHEMBL4750221,O=[N+]([O-])c1ccc(N/C(=N\O)c2ccc(Br)cc2)c2nonc12,117.0,50000.0
CHEMBL4643729,COC(=O)C1CCCN(Cc2ccc3nc4n(c(=O)c3c2)-c2ccc(F)cc2C4=O)C1,1430.0,2870.0
CHEMBL4761805,CC(=O)Nc1cc(Nc2ccc(F)cn2)c2cc(C(=O)O)[nH]c2c1,10800.0,11700.0
CHEMBL4763910,CC(=O)Nc1cc(Nc2ccc(F)c(F)c2)c2cc(C(=O)O)[nH]c2c1,1170.0,1550.0
CHEMBL5169632,CNC(=O)c1cccc(CNc2cc(C(F)(F)F)cc3[nH]ncc23)c1,100000.0,4870.0
CHEMBL5220520,Brc1cc(NC[C@H]2CCCCN2)c2cn[nH]c2c1,17360.0,1800.0
CHEMBL5219595,N[C@@H]1CCCC[C@H]1CNc1cc(Br)cc2[nH]ncc12,700.0,360.0
CHEMBL5218772,Cc1ccc(C(=O)CC(=O)c2ccccc2OC(C)C)c(O)c1,10800.0,10800.0
CHEMBL6027045,OC(CC1CCC(C(F)(F)F)CC1)c1c(C2CC2)sc2cncn12,92.2,520.0
CHEMBL6049256,OC(c1c(C2CC2)sc2cncn12)C1CCC(c2ccccc2)CC1,43.7,3110.0
CHEMBL5888220,CCc1sc2cncn2c1[C@H](O)CC1CCCCC1,1190.0,9950.0
CHEMBL5948267,Fc1cccc2c1C(C1CCN(c3ccc(-c4cnn(C5CCOC5)c4)cc3)CC1)n1cncc1-2,16.6,202.0
CHEMBL4250771,Cc1ccccc1NC(=O)c1c2c(n3ccccc13)C(=O)c1ncccc1C2=O,427.0,100000.0
CHEMBL4237632,Cc1ccccc1NC(=O)c1c2c(n3ccccc13)C(=O)c1cccnc1C2=O,134.0,100000.0
CHEMBL196408,Cc1ccccc1-c1c[nH]nn1,39000.0,100000.0
CHEMBL4288607,Nc1oc2cnccc2c1Nc1cccc(C2CCCCC2)c1,1000.0,500.0
CHEMBL4286058,CCc1nccc2c(Nc3cccc(C(F)(F)F)c3)c(N)oc12,200.0,500.0
CHEMBL4294575,Nc1oc2cnccc2c1Nc1cccc(C(F)F)c1,200.0,500.0
CHEMBL4290604,Nc1oc2cnccc2c1Nc1cccc(-c2ccccc2)c1,1000.0,2000.0
CHEMBL4288449,Nc1oc2cnccc2c1Nc1ccc(F)c(Cl)c1Cl,1000.0,2000.0
CHEMBL4277355,CC(C)Oc1cccc(Nc2c(N)oc3cnccc23)c1,1000.0,2000.0
CHEMBL4286979,Nc1oc2cnccc2c1Nc1ccccc1,200.0,500.0
CHEMBL4285861,Nc1oc2c(-c3ccncc3)nccc2c1Nc1ccccc1Cl,200.0,500.0
CHEMBL4280350,Cc1cc(-c2nccc3c(Nc4ccccc4Cl)c(N)oc23)ccn1,200.0,500.0
CHEMBL4283101,Nc1sc2ccccc2c1Nc1cccc(Br)c1,200.0,500.0
CHEMBL4279026,Cc1cc(-c2nc(F)cc3c(Nc4ccc(F)c(Cl)c4)c(N)oc23)ccn1,200.0,500.0
CHEMBL4292046,Cc1cc(-c2cccc3c(Nc4ccc(F)cc4)c(N)sc23)ccn1,200.0,500.0
CHEMBL4284269,Cc1cc(C)cc(-c2nccc3c(Nc4ccc(F)c(Cl)c4)c(N)oc23)c1,200.0,500.0
CHEMBL4277781,O=C1c2ccccc2C(=O)c2c1ncn2Cc1cccc(Cl)c1,100000.0,100000.0
CHEMBL4761629,CC(C)(C(=O)Nc1ccc(Cl)cc1)N1CCC2(CC1)COc1cc(C(F)(F)F)ccc12,11.0,47900.0
CHEMBL4747072,O=C(Nc1ccc(Cl)cc1)C(=O)N1CCC(c2ccnc3ccc(Cl)cc23)CC1,19.0,2500.0
CHEMBL4780314,O=C1c2ccccc2C(=O)c2c1nnn2-c1ccc(Cl)cc1,23.0,15.0
CHEMBL4751793,O=C1c2ccccc2C(=O)c2c1nnn2-c1ccccc1Cl,10000.0,10000.0
CHEMBL4644380,O=C1c2cc(F)ccc2-n2c1nc1ccc(Cn3ccnn3)cc1c2=O,780.0,1130.0
CHEMBL4751742,O=C(/C(=N/O)Nc1ccc(F)c(Br)c1)C1CCN(S(=O)(=O)NCc2ccccc2)CC1,262.0,100000.0
CHEMBL4761417,CCOc1cc(Nc2cc(NC(C)=O)cc3[nH]c(C(=O)O)cc23)ccc1F,2200.0,5130.0
CHEMBL4744944,CC(=O)Nc1cc(Nc2ccc(F)c(C)c2)c2cc(C(=O)O)[nH]c2c1,1830.0,1700.0
CHEMBL4752390,CC(=O)Nc1cc(Nc2ccc(F)cc2)c2cc(C(=O)O)[nH]c2c1,5280.0,7690.0
CHEMBL4790619,CC(=O)Nc1cc(Nc2ccc(C(F)(F)F)cc2)c2cc(C(=O)O)[nH]c2c1,55500.0,23200.0
CHEMBL5191276,O=[N+]([O-])c1ccc2[nH]c(CNc3cc(C(F)(F)F)cc4[nH]ncc34)cc2c1,100000.0,100000.0
CHEMBL5188549,c1ccc2c(c1)[nH]c1c(-c3cnn[nH]3)nccc12,13880.0,19510.0
CHEMBL5285519,C=C[C@H]1Oc2c(NC(=O)Nc3ccc(C)cc3)cc(-c3ccccc3-c3nn[nH]n3)cc2[C@@H]1c1ccccc1,12.0,7500.0
CHEMBL5619526,COc1ccc2cc(-c3ccc(NC(=O)c4ccc(C(F)(F)F)cc4)cc3)ncc2c1O,100000.0,3250.0
CHEMBL5883884,O=C(Nc1cccn2cncc12)c1ccccc1,100000.0,100000.0
CHEMBL5753162,OC(c1c(C2CC2)sc2cncn12)C1CCCCC1,15.1,288.0
CHEMBL5937829,CC(C)c1sc2cncn2c1[C@@H](O)C1CCCCC1,11.7,603.0
CHEMBL5940526,O[C@@H](CC1CCCCC1)c1c(C2CCC2)sc2cncn12,122.0,256.0
CHEMBL5878523,O[C@H](CC1CCCCCC1)c1c(C2CC2)sc2cncn12,22.2,358.0
CHEMBL5777003,OC(CC1CCC(C2CCC2)CC1)c1c(C2CC2)sc2cncn12,820.0,3100.0
CHEMBL5770374,OC(CC1CCC2CCCCC2C1)c1c(C2CC2)sc2cncn12,485.0,1790.0
CHEMBL5785448,OCCn1cc(-c2ccc(N3CCC([C@H]4c5c(F)cccc5-c5cncn54)CC3)cc2)cn1,9.22,42.0
CHEMBL6024953,CC1(C)CN(c2cc(C(F)(F)F)cn3cncc23)CCC12NC(=O)NC2=O,1820.0,794.0
CHEMBL3545369,NS(=O)(=O)NCCNc1nonc1/C(=N/O)Nc1ccc(F)c(Br)c1,72.0,100000.0
CHEMBL3629569,OC(CC1c2ccccc2-c2cncn21)C1CCCCC1,38.0,1000.0
CHEMBL3945146,Cc1n[nH]c2c1C(c1ccc(F)c(F)c1)c1c(N)n[nH]c1O2,151.0,3000.0
CHEMBL2147995,Brc1cc(-c2c[nH]nn2)ccn1,3300.0,100000.0
CHEMBL2147998,Oc1ccccc1-c1c[nH]nn1,15000.0,100000.0
CHEMBL3628602,CN1CCN(C(=O)c2ccc(Cn3nnc4c3C(=O)c3ccccc3C4=O)cc2)CC1,2069.0,108.0
CHEMBL4293507,CN(c1ccccc1)c1c(N)sc2ccccc12.Cl,1000.0,2000.0
CHEMBL4294038,Nc1oc2c(-c3cc(F)nc(F)c3)nccc2c1Nc1ccc(F)c(Cl)c1,200.0,500.0
CHEMBL4280480,Cc1cc(-c2nccc3c(Nc4ccccc4N4CCCCC4)c(N)oc23)ccn1,1000.0,2000.0
CHEMBL4280108,Cc1cc(-c2nccc3c(Nc4cccc(F)c4)c(N)oc23)ccn1,200.0,500.0
CHEMBL4283946,Nc1oc2c(/C=C/c3ccccc3)nccc2c1Nc1ccc(F)c(Cl)c1,200.0,500.0
CHEMBL4754956,O=C(Nc1ccc(Cl)cc1)C(=O)N1CCCC2(CC1)COc1cc(C(F)(F)F)ccc12,700.0,37000.0
CHEMBL4788833,O=C(Nc1ccc(Cl)cn1)C(=O)N1CCC2(CC1)COc1cc(C(F)(F)F)ccc12,73.0,6400.0
CHEMBL4753003,O=C(O)c1cc2c(Nc3cc(Br)ccc3F)ccc(F)c2[nH]1,28100.0,41400.0
CHEMBL5180636,Clc1cccc(-c2nccc3c2[nH]c2ccccc23)c1,50000.0,13390.0
CHEMBL5184595,N#Cc1cccc(-c2nccc3c2[nH]c2ccccc23)c1,50000.0,15330.0
CHEMBL5199052,Cc1coc2c1C(=O)C(=O)c1c-2ccc2c1CCC(=O)C2(C)C,360.0,940.0
CHEMBL5219328,Brc1cc(NC[C@@H]2CCCCN2)c2cn[nH]c2c1,13750.0,6060.0
CHEMBL5748790,CS(=O)(=O)N1CCN(c2cc(C(F)(F)F)cn3cncc23)CC1,100000.0,300.0
CHEMBL5935648,CS(=O)(=O)C1CCN(c2cc(C(F)(F)F)cc3cncn23)CC1,17400.0,300.0
CHEMBL5853262,O[C@H](c1c(Cl)sc2cncn12)C1CCCCC1,93.0,162.0
CHEMBL5989385,CC1(C)CC([C@H](O)c2c(C3CC3)sc3cncn23)C1,5.03,246.0
CHEMBL5929327,OC(c1ccccc1)c1c(C2CC2)sc2cncn12,50.5,989.0
CHEMBL6047408,CC1(C)CC(C(O)c2c(C(F)(F)F)sc3cncn23)C1,9.81,912.0
CHEMBL5915792,Cc1sc2cncn2c1C(O)[C@H]1C[C@@H]1c1ccccc1,338.0,10200.0
CHEMBL6034470,OC(c1cn(C2CCCCC2)nn1)c1c(C2CC2)sc2cncn12,287.0,10200.0
CHEMBL5423304,O=C1c2nc3ccccc3c(=O)n2C2C=CC([N+](=O)O)=CC12,18.0,61.0
CHEMBL4294302,NC(=O)c1ccc(-c2nccc3c(Nc4ccc(F)c(Cl)c4)c(N)oc23)cc1,200.0,500.0
CHEMBL4294480,C#Cc1cc(Nc2c(N)oc3c(-c4ccccc4)nccc23)ccc1F,200.0,500.0
CHEMBL4279234,C#Cc1cccc(Nc2c(N)oc3c(C)nccc23)c1,200.0,500.0
CHEMBL4278645,Nc1oc2cnccc2c1Nc1cccc(C(F)(F)F)c1,200.0,500.0
CHEMBL4283091,COc1ccc(Cl)cc1Nc1c(N)oc2cnccc12,1000.0,500.0
CHEMBL4278848,Cc1ccc(Nc2c(N)oc3cnccc23)cc1Br,200.0,500.0
CHEMBL4285144,Nc1oc2cnccc2c1Nc1cccc(I)c1,200.0,500.0
CHEMBL4294579,Nc1oc2cnccc2c1Nc1ccc(N2CCOCC2)cc1,1000.0,2000.0
CHEMBL4577825,CC(C)(C)OC(=O)N1CCN(Cc2ccc3nc4n(c(=O)c3c2)-c2ccc(F)cc2C4=O)CC1,1880.0,450.0
CHEMBL4570374,Brc1cc(NCc2cccc3nonc23)c2cn[nH]c2c1,1370.0,7540.0
CHEMBL4517541,Cl.NOC(c1ccccc1)c1cccc(Br)c1,1000.0,7150.0
CHEMBL4779227,O=C(Nc1ccc(Cl)cc1)C(=O)N1CC[C@H](c2ccnc3ccc(F)cc23)[C@H](O)C1,110.0,17200.0
CHEMBL4757244,O=C(Nc1ccc(Cl)cn1)C(=O)N1CCC(c2ccnc(C(F)(F)F)c2Cl)CC1,301.0,22000.0
CHEMBL4758583,N#Cc1ccc2nccc(C3CCN(C(=O)C(=O)Nc4ccc(Cl)cc4)CC3)c2c1,118.0,6100.0
CHEMBL5198045,CC(=O)Oc1c(OC(C)=O)c2c(C)coc2c2ccc3c(c12)CCCC3(C)C,10000.0,10000.0
CHEMBL5176878,Cc1coc2c1C(=O)C(=O)c1c-2ccc2c1C(=O)C(O)CC2(C)C,490.0,1480.0
CHEMBL5220477,Brc1cc(NC[C@@H]2CCCN2)c2cn[nH]c2c1,4740.0,4170.0
CHEMBL5218741,Brc1cc(NCC2CCCCC23OCCO3)c2cn[nH]c2c1,32070.0,2040.0
CHEMBL5220396,O[C@H]1CCCC[C@@H]1CNc1cc(Br)cc2[nH]ncc12,2850.0,90.0
CHEMBL5219631,COC(=O)c1cc(NC[C@@H]2CCCC[C@H]2O)c2cn[nH]c2c1,300000.0,12590.0
CHEMBL5619147,COc1ccc2cc(-c3ccc4ncsc4c3)ncc2c1OC,100000.0,100000.0
CHEMBL5887775,CS(=O)(=O)c1ccc(-c2cc(C(F)(F)F)cn3cncc23)cc1,66200.0,300.0
CHEMBL5739867,CC(C)C1CCC(C(O)c2c(C3CC3)sc3cncn23)CC1,102.0,1470.0
CHEMBL5890619,Cc1sc2cncn2c1C(O)C1CC(C)(C)C1,13.6,190.0
CHEMBL5774418,OC(c1ccc(F)cc1)c1c(C2CC2)sc2cncn12,32.8,475.0
CHEMBL5949641,CC1(C)CCC(C(O)c2c(C(F)(F)F)sc3cncn23)CC1,58.3,2770.0
CHEMBL5977530,CCc1sc2cncn2c1C(O)C1CC(C)(C)C1,6.65,72.9
CHEMBL1909735,Fc1ccc(-c2cnn[nH]2)cc1,580000.0,100000.0
CHEMBL3913975,N#CC1=C(N)Nc2[nH]c(=O)[nH]c(=O)c2C1c1cccc(Cl)c1,473.0,3000.0
CHEMBL4207581,Cc1ccc(NC(=O)Nc2cc(-c3ccccc3-c3nnn[nH]3)ccc2N(CC(C)C)CC(C)C)cc1,4.0,7500.0
CHEMBL4245134,NC(=S)NNC(=O)c1c2c(n3ccccc13)C(=O)c1ncccc1C2=O,23.0,1200.0
CHEMBL2147991,FC(F)(F)c1cccc(-c2c[nH]nn2)c1,6000.0,100000.0
CHEMBL4282227,Nc1sc2ccccc2c1Nc1ccc(Br)c(C(F)(F)F)c1,200.0,2000.0
CHEMBL4287350,Nc1oc2c(-c3ccccc3)nc(Oc3ccccc3)cc2c1Nc1ccc(F)c(Cl)c1,1000.0,2000.0
CHEMBL4289077,N#Cc1cccc(Nc2c(N)oc3cnccc23)c1F,1000.0,2000.0
CHEMBL4279587,Nc1oc2cnccc2c1Nc1ccc(C(F)(F)F)cc1,1000.0,500.0
CHEMBL4282402,CNC(=O)c1cc(-c2nccc3c(Nc4ccc(F)c(F)c4)c(N)oc23)ccn1,200.0,500.0
CHEMBL4279613,Nc1sc2ccccc2c1Nc1cccc(Cl)c1,200.0,500.0
CHEMBL4286928,Cc1cc(-c2cccc3c(Nc4ccccc4)c(N)sc23)ccn1,200.0,500.0
CHEMBL4561893,Fc1cccc2c1C(C1CCN(c3ccc(-c4ccncc4)cc3)CC1)n1cncc1-2,33.0,353.0
CHEMBL4289462,O=C1c2cccnc2C(=O)c2sc(-c3ccncc3)nc21,289.5,1200.0
CHEMBL4293426,CCOC(=O)C(C(=O)OCC)=C1C(=O)Nc2ccccc21,930.0,71010.0
CHEMBL4286481,O=C(N[C@@H](CC1C(=O)Nc2ccccc21)C(=O)O)OCc1ccccc1,1280.0,27200.0
CHEMBL4446245,Cl.NOC(c1ccccc1)c1ccccc1F,12000.0,3920.0
CHEMBL4440269,Cl.NOC(c1ccccc1)c1cc(C(F)(F)F)cc(C(F)(F)F)c1,3350.0,77400.0
CHEMBL4436582,COP(C)(=O)NCCCCNc1nonc1/C(=N/O)Nc1ccc(F)c(Br)c1,18.9,3320.0
CHEMBL4761104,CC[C@H](C(=O)Nc1ccc(Cl)cn1)[C@H]1CC[C@]2(CC1)COc1cc(C(F)(F)F)ccc12,320.0,26400.0
CHEMBL4743724,C[C@H](C(=O)Nc1ccc(Cl)cc1)[C@H]1CC[C@]2(CC1)COc1ncc(C(F)(F)F)cc12,7.9,18400.0
CHEMBL4752081,CC1(C)CN(C(=O)C(=O)Nc2ccc(Cl)cc2)CCC1c1ccnc2ccc(F)cc12,23.0,4500.0
CHEMBL4763470,CC(=O)Nc1cccc(-n2nnc3c2C(=O)c2ccccc2C3=O)c1,81.0,132.0
CHEMBL4798525,CN1CCN(c2ccc(-n3nnc4c3C(=O)c3ccccc3C4=O)cc2)CC1,10000.0,10000.0
CHEMBL4763242,CCNc1cc(Nc2ccc(F)c(Cl)c2)c2cc(C(=O)O)[nH]c2c1,1750.0,3530.0
CHEMBL139935,O=[N+]([O-])c1cc(F)c2cccnc2c1O,14610.0,30230.0
CHEMBL5191067,O=[N+]([O-])c1ccc(Cl)cc1CNc1cc(C(F)(F)F)cc2[nH]ncc12,37740.0,3190.0
CHEMBL5180918,COC(=O)c1coc2c1C(=O)C(=O)c1c-2ccc2c1C=CC(=O)C2(C)C,10000.0,10000.0
CHEMBL5219702,OCC(Nc1cc(Br)cc2[nH]ncc12)c1ccccc1,42870.0,330.0
CHEMBL5220937,OC(CNc1cc(Br)cc2[nH]ncc12)c1cccc(Cl)c1,13090.0,3380.0
CHEMBL5218825,Brc1cc(NCC2CNC2)c2cn[nH]c2c1,112700.0,44870.0
CHEMBL5218896,O[C@@H]1CCCC[C@H]1NCc1cc(Br)cc2[nH]ncc12,300000.0,300000.0
CHEMBL5282264,COc1ccc(-c2ccc(Oc3ccccc3C(C)(C)C)c(NC(=O)Nc3ccccc3F)c2)cc1C(=O)O,130.0,7500.0
CHEMBL5619793,COc1ccc2cc(-c3ccc(C)cc3)ncc2c1OC,100000.0,100000.0
CHEMBL5620082,Oc1cccc2cc(-c3ccccc3)ncc12,70530.0,25040.0
CHEMBL5791167,O[C@@H](CC1CCCCC1)c1c(C2CC2)sc2cncn12,10.3,268.0
CHEMBL5917964,O[C@@H](c1c(C2CCC2)sc2cncn12)C1CCCCC1,39.7,138.0
CHEMBL5772759,CC1(C)CCC(C(O)c2c(C3CC3)sc3cncn23)CC1,25.2,387.0
CHEMBL5829870,OC(CC1CCCCCC1)c1c(C2CC2)sc2cncn12,24.3,470.0
CHEMBL6000709,OC(CC1CC2CCC1O2)c1c(C2CC2)sc2cncn12,93.4,2340.0
CHEMBL5891384,CCC(C1CCCCC1)C(O)c1c(C2CC2)sc2cncn12,1570.0,10200.0
CHEMBL5852044,CCCc1sc2cncn2c1C(O)C1CCCCC1,49.5,153.0
CHEMBL5842388,CCc1sc2cncn2c1C(O)CC1CCCC1,28.9,203.0
CHEMBL5804795,OC(c1c([C@@H]2C[C@H]2F)sc2cncn12)C1CCCCC1,18.5,2260.0
CHEMBL5951141,OC(c1c[nH]nn1)c1c(C2CC2)sc2cncn12,1950.0,10200.0
CHEMBL5763272,COCCn1cc(-c2ccc(N3CCC(C4c5c(F)cccc5-c5cncn54)CC3)cc2)cn1,36.3,217.0
CHEMBL5895301,N#Cc1ccc(N2CCC(C3c4c(F)cccc4-c4cncn43)CC2)cc1F,8.84,234.0
CHEMBL3087010,O=C1c2c(Cl)cccc2-n2c1nc1ccccc1c2=O,27.1,44800.0
CHEMBL3971417,Cc1n[nH]c2c1C(c1ccc(F)c(F)c1)c1c([nH]c(=O)[nH]c1=O)O2,410.0,3000.0
CHEMBL4086143,O=C1CC(c2c[nH]c3ccc(F)cc23)C(=O)N1,150.0,140000.0
CHEMBL4173791,Oc1ccc(F)cc1-c1cncn1Cc1cc2cc(Br)ccc2[nH]1,100.0,70100.0
CHEMBL4289059,CCOC(=O)Nc1oc2cnccc2c1N(C(=O)OCC)c1ccc(F)c(Cl)c1,1000.0,2000.0
CHEMBL4294542,Nc1oc2c(Cl)nccc2c1Nc1ccc(F)c(Cl)c1,200.0,500.0
CHEMBL4281809,CCOC(=O)Nc1oc2c(-c3cccc(C#N)c3)nccc2c1N(C(=O)OCC)c1ccc(F)c(Cl)c1,1000.0,2000.0
CHEMBL4289518,COc1ccc(Nc2c(N)oc3cnccc23)c(OC)c1,1000.0,2000.0
CHEMBL4281024,Nc1oc2cnccc2c1Nc1ccc(I)c(Cl)c1,1000.0,500.0
CHEMBL4553360,Fc1cccc2c1C(C1CCN(c3nc4ccccc4s3)CC1)n1cncc1-2,19.0,195.0
CHEMBL4445809,Cn1cc(-c2ccc(N3CCC(C4c5c(F)cccc5-c5cncn54)CC3)cc2F)cn1,8.0,65.0
CHEMBL4285062,O=C1c2ccccc2C(=O)c2c1nc(-c1ccncc1)n2Cc1cccc(Cl)c1,3300.0,100000.0
CHEMBL4290045,CC(=O)/C=C1\C(=O)Nc2ccc(Cl)cc21,360.0,54690.0
CHEMBL4585829,Cl.NOC(c1ccccc1)c1ccc(F)cc1F,7000.0,6370.0
CHEMBL4435742,COc1ccccc1C(ON)c1ccccc1.Cl,23000.0,48800.0
CHEMBL4743826,CCC(C(=O)Nc1ccc(Cl)cc1)N1CCC2(CCOc3cc(C(F)(F)F)ccc32)CC1,360.0,11800.0
CHEMBL4799553,O=C(Nc1ccc(Cl)cc1)C(=O)N1CC[C@@H](c2ccnc3ccc(F)cc23)[C@@H](O)C1,3000.0,37000.0
CHEMBL4785841,O=C1c2ccccc2C(=O)c2c1nnn2-c1ccc(C(F)(F)F)c(Cl)c1,30.0,25.0
CHEMBL4747779,O=C1c2ccccc2C(=O)c2c1nnn2-c1ccc(Cl)c([N+](=O)[O-])c1,15.0,15.0
CHEMBL4744101,O=[N+]([O-])c1ccc(N/C(=N\O)c2ccccc2F)c2nonc12,63.0,110000.0
CHEMBL4748091,O=C(/C(=N/O)Nc1ccc(F)c(Br)c1)C1CCN(C(=O)NCc2ccccc2)CC1,28.0,89770.0
CHEMBL4778760,C[C@@H](NC(=O)c1ccc(F)cc1)c1ccc2c(c1)CCN2C(=O)C1CCOCC1,7.0,20000.0
CHEMBL4749277,COc1cc(Nc2cc(NC(C)=O)cc3[nH]c(C(=O)O)cc23)cc(OC)c1OC,3180.0,7120.0
CHEMBL1875561,COCCn1c2nc(=O)n(-c3ccccc3)c(=O)c-2nc2ccccc21,23770.0,33720.0
CHEMBL5171773,CCN(CC)C(=O)c1coc2c1C(=O)C(=O)c1c-2ccc2c1C=CC(=O)C2(C)C,3270.0,9540.0
CHEMBL5220800,O[C@H]1CCCC[C@@H]1NCc1cc(Br)cc2[nH]ncc12,203800.0,300000.0
CHEMBL5219723,N[C@H]1CCCC[C@H]1CNc1cc(Br)cc2[nH]ncc12,1420.0,910.0
CHEMBL5618428,COc1ccc2cc(-c3ccccc3)ncc2c1OC,7810.0,340.0
CHEMBL5934542,CC(=O)N1CCN(c2cc(C(F)(F)F)cc3cncn23)CC1,17400.0,17400.0
CHEMBL5753197,CS(=O)(=O)N1CCC(Nc2cc(Cl)cc3cncn23)CC1,300.0,300.0
CHEMBL5827697,O[C@H](c1c(C2CC2)sc2cncn12)C1CCCCC1,7.5,115.0
CHEMBL5959952,CC1(C)CCCC1C(O)c1c(C2CC2)sc2cncn12,74.0,133.0
CHEMBL5880666,OC(CC1CCCCC1)c1c(-c2ccsc2)sc2cncn12,313.0,386.0
CHEMBL5777653,COc1ccc(CNc2cc(-c3nnc(N4CCC(C5c6c(F)cccc6-c6cncn65)CC4)s3)ccn2)cc1,10.6,104.0
CHEMBL5916975,O=C1NC(=O)C2(CCN(c3cc(C(F)(F)F)cn4cncc34)CC2)N1,1023.0,1445.0
CHEMBL3747548,OC(CC1c2ccccc2-c2cnnn21)C1CCCCC1,10000.0,5500.0
CHEMBL72165,O=C1c2cc(Br)ccc2-n2c1nc1ccccc1c2=O,53.9,937.0
CHEMBL4173383,Oc1ccc(Cl)cc1-c1cncn1Cc1cc2cc(Br)ccc2[nH]1,37.9,200000.0
CHEMBL4293992,Nc1oc2c(-c3ccccc3)nccc2c1Nc1ccc(F)c(Cl)c1,200.0,500.0
CHEMBL4277061,COc1cc2c(Nc3ccc(F)c(Cl)c3)c(N)oc2cn1,200.0,500.0
CHEMBL4294408,Nc1oc2cnccc2c1Nc1ccc(Cl)cc1Cl,1000.0,2000.0
CHEMBL4288488,Nc1oc2c(-c3ccncc3)nccc2c1Nc1ccc(F)cc1,200.0,500.0
CHEMBL4279040,Nc1sc2ccccc2c1Nc1ccc(F)c(F)c1,200.0,500.0
CHEMBL4279698,Nc1sc2c(-c3ccncc3)cccc2c1Nc1ccc(F)c(Cl)c1,200.0,500.0
CHEMBL4524854,Fc1cccc2c1C(C1CCCC1)n1cncc1-2,764.0,95.0
CHEMBL4470496,Fc1cccc2c1C(C1CCN(c3ccccc3)CC1)n1cncc1-2,87.0,338.0
CHEMBL4285752,O=C1c2ccccc2C(=O)c2sc(-c3ccncc3)nc21,26.2,1600.0
CHEMBL4279220,CC(=O)N[C@@H](CC1C(=O)Nc2ccccc21)C(=O)O,620.0,83470.0
CHEMBL4578334,Cl.NOC(c1ccccc1)c1ccc(Cl)cc1Cl,4000.0,6000.0
CHEMBL4468826,Cl.NOC(c1ccccc1)c1cccc(Cl)c1Cl,8000.0,9000.0
CHEMBL4544399,Cl.NOC(c1ccccc1)c1ccsc1,3360.0,4410.0
CHEMBL4763375,C[C@H](C(=O)Nc1ccc(Cl)cc1)[C@H]1CC[C@]2(CC1)COc1cc(C(F)(F)F)ccc12,52.0,7300.0
CHEMBL4746699,O=C(Nc1ccc(Cl)cc1)C(=O)N1CCC(c2ccnc3ccc(F)cc23)CC1,1600.0,6900.0
CHEMBL1644447,O=C1c2ccccc2C(=O)c2c1nnn2Cc1ccccc1,886.0,858.0
CHEMBL4782412,O=[N+]([O-])c1ccc(N/C(=N\O)c2ccccc2Br)c2nonc12,80.0,25000.0
CHEMBL4758910,O=C(/C(=N/O)Nc1ccc(F)c(Br)c1)c1ccccc1,1428.0,79985.0
CHEMBL4764025,CCCOc1cc(Nc2cc(NC(C)=O)cc3[nH]c(C(=O)O)cc23)ccc1F,1480.0,4460.0
CHEMBL5203175,O[C@H](c1cc(Cl)cc2cncn12)C1CCCCC1,9.6,29.0
CHEMBL1487639,O=Cc1ccc(O)c2ncccc12,4370.0,100000.0
CHEMBL5199432,Cc1coc2c1C(=O)C(=O)c1c-2ccc2c1C(=O)C(O)=CC2(C)C,2880.0,1010.0
CHEMBL5218714,Brc1cc(NCC2CCCCC2)c2cn[nH]c2c1,1090.0,860.0
CHEMBL5220677,OC1CCCCC1CNc1cc(Br)cc2[nH]ncc12,4120.0,120.0
CHEMBL5218853,O[C@@H](c1cn2cncc2cc1Cl)C1CCCCC1,9.6,29.0
CHEMBL5832009,CS(=O)(=O)Nc1ccc(C2CCN(c3cc(C(F)(F)F)cc4cncn34)CC2)cc1,300.0,300.0
CHEMBL6061360,Cc1sc2cncn2c1[C@@H](O)C1CCCCC1,134.0,143.0
CHEMBL5773887,CC(C)(C)c1sc2cncn2c1C(O)C1CCCCC1,895.0,2050.0
CHEMBL5811790,COC1CCCC(C(O)c2c(C3CC3)sc3cncn23)C1,109.0,1850.0
CHEMBL6024970,OC(c1c(C2CC2)sc2cncn12)C1CCC2CCCCC2C1,133.0,1080.0
CHEMBL5867700,Cc1sc2cncn2c1C(O)C1CCCC1,149.0,206.0
CHEMBL5922697,Cc1ccc(-c2sc3cncn3c2C(O)C2CCCCC2)cc1,3100.0,1010.0
CHEMBL5900434,OC(CC1CCC(C(F)F)CC1)c1c(C2CC2)sc2cncn12,24.3,467.0
CHEMBL5767906,Cc1sc2cncn2c1[C@@H](O)C1(C)CCCC1,23.9,15.8
CHEMBL5931959,OC(c1c(Cc2ccccc2)sc2cncn12)C1CCCCC1,7110.0,4270.0
CHEMBL5812234,CC(=O)NCCn1cc(-c2ccc(N3CCC(C4c5c(F)cccc5-c5cncn54)CC3)cc2)cn1,63.3,247.0
CHEMBL3936225,COc1ccc(C2c3c(C)n[nH]c3Oc3[nH]nc(N)c32)cc1O,397.0,3000.0
CHEMBL1537588,Cc1cccc(Cn2nnc3c2C(=O)c2ccccc2C3=O)c1,4612.0,1745.0
CHEMBL4290431,COC(=O)Nc1oc2cnccc2c1N(C(=O)OC)c1ccc(F)c(Cl)c1,1000.0,2000.0
CHEMBL4288491,Nc1sc2ccccc2c1Nc1ccc(F)c(Cl)c1,200.0,500.0
CHEMBL4292762,COc1ccccc1-c1nccc2c(Nc3ccc(F)c(Cl)c3)c(N)oc12,200.0,500.0
CHEMBL4283761,C#Cc1cccc(Nc2c(N)oc3c(CC)nccc23)c1,200.0,500.0
CHEMBL4284439,CC(C)c1nccc2c(Nc3ccc(F)c(Cl)c3)c(N)oc12,200.0,500.0
CHEMBL4287240,CCOC(=O)Nc1oc2c(-c3ccnc(C)c3)nccc2c1N(C(=O)OCC)c1ccc(F)c(Cl)c1,1000.0,2000.0
CHEMBL4291792,O=C1c2ncccc2C(=O)c2sc(-c3cscn3)nc21,18.0,214.5
CHEMBL4281581,O=C1c2ncccc2C(=O)c2sc(-c3ccncc3)nc21,207.9,684.3
CHEMBL4544607,Cl.NOC(c1ccccc1)c1cccc(F)c1,5000.0,6000.0
CHEMBL4571508,Cl.NOC(c1ccccc1)c1cc(C(F)(F)F)ccc1F,8000.0,9020.0
CHEMBL4296947,Oc1c(/N=N/c2nnn[nH]2)ccc2ccccc12,3780.0,22250.0
CHEMBL5071322,O/N=C(\Nc1cccc(Br)c1)c1ccc(Cl)nc1,171.8,1251.0
CHEMBL187266,Cc1coc2c1C(=O)C(=O)c1c-2ccc2c1CCCC2(C)C,10000.0,10000.0
CHEMBL5219266,O[C@@H]1CCCC[C@H]1CNc1cc(Br)cc2cn[nH]c12,66040.0,39160.0
CHEMBL5618165,COc1ccc2cc(-c3ccc4c(c3)OCO4)ncc2c1O,5100.0,280.0
CHEMBL5619380,COc1ccc2cc(-c3ccc(C)cc3)ncc2c1O,100000.0,100000.0
CHEMBL5891119,CC1(C)CN(c2cc(C(F)(F)F)cc3cncn23)CCN1S(C)(=O)=O,300.0,300.0
CHEMBL6031823,CC1CCC(C(O)c2c(C3CC3)sc3cncn23)C1,12.1,454.0
CHEMBL5790574,COc1cccc(C(O)c2c(C3CC3)sc3cncn23)c1,251.0,3310.0
CHEMBL5867050,Cc1ccccc1CC(O)c1c(C2CC2)sc2cncn12,431.0,578.0
CHEMBL5872509,CC1(C)CC[C@H]([C@@H](O)c2c(C3CC3)sc3cncn23)C1,5.99,190.0
CHEMBL5823793,CC1CCCCC1CC(O)c1c(C(F)(F)F)sc2cncn12,165.0,2680.0
CHEMBL5940109,Cc1sc2cncn2c1C(O)[C@@H]1C[C@@H]1c1ccccc1,123.0,2710.0
CHEMBL5824786,CS(=O)(=O)N1CCC(Oc2ccc(N3CCC(C4c5c(F)cccc5-c5cncn54)CC3)cc2)CC1,15.5,243.0
CHEMBL6027241,O=C1NC2(CCN(c3cc(C(F)(F)F)cc4cncn34)CC2)C(=O)N1CC1CCOCC1,1202.0,3981.0
CHEMBL5837085,O=C1NC2(CCN(c3cc(C(F)(F)F)cc4cncn34)CC2)C(=O)N1c1ccccc1,263.0,1660.0
CHEMBL5762228,CC1(C)CN(c2cc(C(F)(F)F)cc3cncn23)CCC12NC(=O)N(CC1CCOCC1)C2=O,1202.0,16596.0
CHEMBL4243692,O=C([O-])c1cccc(NC(=O)c2c3c(n4ccccc24)C(=O)c2ncccc2C3=O)c1.[K+],148.0,41600.0
CHEMBL3612772,CN(C)CCNC(=O)c1c2c(n3ccccc13)C(=O)c1ncccc1C2=O,127.0,3350.0
CHEMBL2148001,CCc1ccccc1-c1c[nH]nn1,230000.0,100000.0
CHEMBL4160797,Oc1ccc(Cl)cc1-c1cncn1Cc1cc2cc(F)ccc2[nH]1,33.8,54400.0
CHEMBL4284563,COc1cc2c(Nc3ccc(F)c(Cl)c3)c(N)oc2c(I)n1,200.0,2000.0
CHEMBL4282298,Cc1cc(-c2nccc3c(Nc4ccc(F)c(Cl)c4)c(N)oc23)ccn1,200.0,500.0
CHEMBL4292285,CCOC(=O)Nc1oc2c(I)nccc2c1N(C(=O)OCC)c1ccc(F)c(Cl)c1,1000.0,2000.0
CHEMBL4292487,Nc1sc2ccccc2c1Nc1cccc(F)c1,200.0,500.0
CHEMBL4290053,N#Cc1ccc2c(Nc3cccc(Br)c3)c(N)oc2c1,200.0,500.0
CHEMBL4285852,COc1cc2c(Nc3ccc(F)c(Cl)c3)c(N)oc2c(C)n1,200.0,500.0
CHEMBL4293249,Nc1oc2cnccc2c1Nc1cccc(C2CC2)c1,200.0,2000.0
CHEMBL4276886,CNC(=O)c1cc(-c2nccc3c(Nc4ccc(F)c(C(F)(F)F)c4)c(N)oc23)ccn1,200.0,2000.0
CHEMBL4290038,COc1cccc(Nc2c(N)sc3ccccc23)c1,200.0,500.0
CHEMBL4292132,CC(C)CNC(=O)c1cc(-c2nccc3c(Nc4ccc(F)c(Cl)c4)c(N)oc23)ccn1,200.0,2000.0
CHEMBL4277466,Nc1oc2c[n+]([O-])ccc2c1Nc1ccc(F)c(Cl)c1,200.0,500.0
CHEMBL4285571,Cc1cc(-c2nccc3c(Nc4cc(Cl)ccc4F)c(N)oc23)ccn1,200.0,2000.0
CHEMBL4437046,CN1CCN(Cc2ccc3nc4n(c(=O)c3c2)-c2ccc(F)cc2C4=O)CC1,500.0,760.0
CHEMBL4286924,O=C(NCCC1C(=O)Nc2ccccc21)OCc1ccccc1,2310.0,58330.0
CHEMBL4524223,Cl.NOC(c1ccccc1)c1ccc(Cl)cc1,5000.0,5000.0
CHEMBL4764360,CC(C(=O)Nc1ccc(Cl)cc1)C1CCC2(CC1)c1ccc(C(F)(F)F)cc1CN2C,8.3,7100.0
CHEMBL4751532,O=C1c2cc(O)ccc2C(=O)c2c1nnn2-c1ccc(F)c(Cl)c1,144.0,171.0
CHEMBL4787695,O=C1c2cc(F)ccc2C(=O)c2c1nnn2-c1ccc(F)c(Cl)c1,5.0,4.0
CHEMBL4800312,O=[N+]([O-])c1ccc(N/C(Cc2ccc(Br)cc2)=N\O)c2nonc12,112.0,43000.0
CHEMBL2000037,Cc1cc(=O)n2c3c(c4c(cc13)c(CN(C)C)cc(=O)n4C)OC2.Cl,26970.0,17650.0
CHEMBL5170390,O=C1NCc2c(NCc3ccccc3[N+](=O)[O-])cccc21,100000.0,100000.0
CHEMBL5204255,O=C1NC(=O)c2c(NCc3ccccc3[N+](=O)[O-])cccc21,100000.0,100000.0
CHEMBL5196865,FC(F)(F)c1cc(NC[C@H]2CCCCN2)c2cn[nH]c2c1,24010.0,460.0
CHEMBL5174721,O=[N+]([O-])c1ccc(O)cc1CNc1cc(Br)cc2[nH]ncc12,910.0,460.0
CHEMBL5618823,COc1ccc2cc(-c3ccccc3)ncc2c1O,890.0,240.0
CHEMBL5619903,COc1ccc(-c2cc3ccc(OC)c(O)c3cn2)cc1,710.0,450.0
CHEMBL5966076,CS(=O)(=O)N1CCC(c2cc(C(F)(F)F)cn3cncc23)CC1,17400.0,300.0
CHEMBL5877460,CS(=O)(=O)c1ccc(-c2cc(Cl)cc3cncn23)cc1,17400.0,300.0
CHEMBL5996413,Cc1sc2cncn2c1[C@@H](O)CC1CCCCC1,16.5,375.0
CHEMBL5921287,OC(c1c(Cl)sc2cncn12)C1CCCCCC1,170.0,301.0
CHEMBL5981334,O[C@@H](c1c(C2CC2)sc2cncn12)[C@@H]1C[C@H]2CCC1C2,16.1,190.0
CHEMBL5797695,Cc1sc2cncn2c1C(O)c1cccs1,433.0,829.0
CHEMBL5897040,OC(CC1CCCCC1)c1c(C(F)(F)F)sc2cncn12,69.0,3180.0
CHEMBL6054555,CC1(C)CCC(CC(O)c2c(C(F)(F)F)sc3cncn23)C1,313.0,8490.0
CHEMBL5755371,CCCc1sc2cncn2c1C(O)CC1CCCCC1,36.8,595.0
CHEMBL5911490,OC(CC1CCCCC1)c1c(C2CC(F)(F)C2)sc2cncn12,485.0,1910.0
CHEMBL6028475,O=C(CC1c2ccccc2-c2cncn21)C12CC3CC(CC(O)(C3)C1)C2,100.0,200.0
CHEMBL5890270,CC1(C)CN(c2cc(C(F)(F)F)cc3cncn23)CCC12NC(=O)NC2=O,1202.0,3020.0
CHEMBL372363,COc1ccccc1-c1c[nH]nn1,1028000.0,100000.0
CHEMBL3940383,Cc1n[nH]c2c1C(c1ccc(F)c(F)c1)c1c(C)n[nH]c1O2,441.0,3000.0
CHEMBL4285874,Nc1oc2c(I)nccc2c1Nc1ccc(F)c(Cl)c1,200.0,500.0
CHEMBL4277163,Cc1cc(Cl)cc(Nc2c(N)oc3cnccc23)c1,200.0,500.0
CHEMBL4289945,CCCc1nccc2c(Nc3ccc(F)c(C(F)(F)F)c3)c(N)oc12,200.0,500.0
CHEMBL4282901,CCc1nccc2c(Nc3ccc(F)c(C(F)(F)F)c3)c(N)oc12,200.0,2000.0
CHEMBL4289261,Cc1ncc(CO)c2c(Nc3ccc(F)c(Cl)c3)c(N)oc12,1000.0,2000.0
CHEMBL4277566,Nc1oc2cnccc2c1Nc1cccnc1,1000.0,500.0
CHEMBL4452150,CN(C)Cc1ccc2nc3n(c(=O)c2c1)-c1ccc(F)cc1C3=O,110.0,410.0
CHEMBL4748072,COc1ccc2c(c1)C(=O)c1c(nnn1-c1ccc(F)c(Cl)c1)C2=O,10000.0,10000.0
CHEMBL4645897,COC(=O)C1CCN(Cc2ccc3nc4n(c(=O)c3c2)-c2ccc(F)cc2C4=O)CC1,1200.0,990.0
CHEMBL4646483,COC(=O)C1CCCN1Cc1ccc2nc3n(c(=O)c2c1)-c1ccc(F)cc1C3=O,460.0,300.0
CHEMBL4645973,O=C(O)/C=C/c1ccc2nc3n(c(=O)c2c1)-c1ccc(F)cc1C3=O,120.0,30.0
CHEMBL4780730,O=C(NC[C@H]1CC[C@H](C(=O)/C(=N/O)Nc2ccc(F)c(Br)c2)CC1)c1ccccc1,204.0,80960.0
CHEMBL5076745,O/N=C(\Nc1cccc(Br)c1)c1ccc(Cl)s1,29.8,2311.0
CHEMBL5192718,O=[N+]([O-])c1ccccc1CNc1cc(Br)cc2cn[nH]c12,100000.0,100000.0
CHEMBL5175666,FC(F)(F)c1cc(NC[C@@H]2CCCCN2)c2cn[nH]c2c1,18730.0,8050.0
CHEMBL5181187,O=[N+]([O-])c1cccc(CNc2cc(C(F)(F)F)cc3[nH]ncc23)c1,100000.0,5170.0
CHEMBL377478,Cc1coc2c1C(=O)C(=O)c1c-2ccc2c1CC[C@H](O)C2(C)C,5120.0,2700.0
CHEMBL5989931,CC1(C)CN(c2cc(Br)cc3cncn23)CCN1C(=O)O,300.0,300.0
CHEMBL5777468,OC(CC1CC(F)(F)C1)c1c(C2CC2)sc2cncn12,113.0,470.0
CHEMBL5846254,OC(c1c(C2CC2)sc2cncn12)C1CCCC(C(F)(F)F)C1,75.7,1080.0
CHEMBL5831241,CC1(C)CCC(C(O)c2c(C(F)(F)F)sc3cncn23)C1,56.7,922.0
CHEMBL5950224,Cc1sc2cncn2c1C(O)C1(C)CCCC1,30.0,19.9
CHEMBL5815229,OC(c1cccc(C(F)(F)F)c1)c1c(C2CC2)sc2cncn12,587.0,765.0
CHEMBL5962376,OC(c1cccc(Cl)c1)c1c(C2CC2)sc2cncn12,65.1,1820.0
CHEMBL5942932,CCCC1CCC(CC(O)c2c(C3CC3)sc3cncn23)CC1,687.0,3230.0
CHEMBL6013303,Cc1ccc(NC(=O)N2CCC(C(O)CC3c4ccccc4-c4cnnn43)CC2)cc1,5500.0,5500.0
CHEMBL6013963,O=C1NC(=O)C2(CCN(c3cc(C(F)(F)F)cc4cncn34)CC2)N1,29.5,2512.0
CHEMBL3342402,Cc1ccc(-c2csc3nnc(SCC(=O)Nc4ccc5c(c4)OCO5)n23)cc1,3000.0,62500.0
CHEMBL2147996,Fc1cc(-c2c[nH]nn2)ccn1,7400.0,100000.0
CHEMBL4279754,Nc1sc2ccc(Cl)cc2c1Nc1ccc(F)c(C(F)(F)F)c1,200.0,2000.0
CHEMBL4291805,Cl.Nc1sc2ccc(Cl)cc2c1Nc1ccc(F)c(Cl)c1,200.0,2000.0
CHEMBL4292840,Nc1sc2ccccc2c1Nc1ccc(F)c(C(F)(F)F)c1,200.0,2000.0
CHEMBL4278457,Cc1cccc(Nc2c(N)oc3cc(C#N)ccc23)c1,200.0,2000.0
CHEMBL4276969,C#Cc1cc(Nc2c(N)oc3c(-c4ccncc4)nccc23)ccc1F,200.0,500.0
CHEMBL4278408,Nc1oc2cnccc2c1Nc1ccc2c(c1)CCCC2,1000.0,2000.0
CHEMBL4286322,Nc1oc2cnccc2c1Nc1ccc(Cl)c(Cl)c1Cl,1000.0,2000.0
CHEMBL4282546,CCc1cccc(Nc2c(N)oc3cnccc23)c1,200.0,2000.0
CHEMBL4285274,Nc1oc2c(-c3ccncc3)nccc2c1Nc1cccc(Cl)c1,200.0,500.0
CHEMBL4285433,CCCCNC(=O)c1cc(-c2nccc3c(Nc4ccc(F)c(Cl)c4)c(N)oc23)ccn1,200.0,2000.0
CHEMBL4281561,Nc1oc2c(-c3cc(F)ccc3Cl)nccc2c1Nc1ccc(F)c(Cl)c1,200.0,500.0
CHEMBL4293312,O=C1c2ccccc2C(=O)c2[nH]c(-c3cscn3)nc21,119.6,73.1
CHEMBL4300931,O=C1c2ccccc2C(=O)c2c1nnn2-c1ccccc1,100.0,70.0
CHEMBL4747060,O=C(/C(=N/O)Nc1ccc(F)c(Br)c1)C1CCN(S(=O)(=O)Nc2ccccc2)CC1,150.0,65721.0
CHEMBL4751419,N#Cc1cc(Nc2ccc(F)c(Cl)c2)c2cc(C(=O)O)[nH]c2c1,100000.0,100000.0
CHEMBL4092918,O=C1c2ccccc2C2=C3C(O)=NN=C3CCN12,1720.0,4350.0
CHEMBL5191147,FC(F)(F)c1cc(NCc2cccc3sccc23)c2cn[nH]c2c1,100000.0,100000.0
CHEMBL5183345,O=[N+]([O-])c1cc(Br)c(F)cc1CNc1cc(C(F)(F)F)cc2[nH]ncc12,100000.0,1460.0
CHEMBL5185564,c1ccc2c(-c3ccc4n[se]nc4c3)c[nH]c2c1,100000.0,2500.0
CHEMBL578036,CC1(C)CCCc2c1ccc1c2C(=O)C(=O)c2c(CO)coc2-1,1070.0,450.0
CHEMBL4290236,Cc1coc2c1c(=O)oc(=O)c1c3c(ccc12)C(C)(C)CCC3,10000.0,10000.0
CHEMBL5219140,O[C@@H]1CCCC[C@H]1CNc1cc(Cl)cc2cn[nH]c12,178300.0,84190.0
CHEMBL5218978,Cl[C@H]1CCCC[C@H]1CNc1cc(Br)cc2[nH]ncc12,290.0,220.0
CHEMBL5267407,Cc1ccc(NC(=O)Nc2cc(-c3ccccc3-c3nn[nH]n3)cc3c2OCCCC3c2ccccc2)cc1,3.6,6000.0
CHEMBL5951926,OC(CC1CCCCC1)c1c(C2CC2)sc2cncn12,22.4,585.0
CHEMBL6054393,O[C@@H](c1c(C2CCCC2)sc2cncn12)C1CCCCC1,131.0,131.0
CHEMBL5883564,CC1CCCC(CC(O)c2c(C3CC3)sc3cncn23)C1,21.4,509.0
CHEMBL5844877,CC1(C)CCC(C[C@@H](O)c2c(C3CC3)sc3cncn23)C1,19.5,262.0
CHEMBL5816547,CC1(CC(O)c2c(C3CC3)sc3cncn23)CCC1,41.7,300.0
CHEMBL5917176,Cc1cccc(C(O)c2c(C3CC3)sc3cncn23)c1,64.8,22.3
CHEMBL5777662,CC(C)C1(C)CCC(C(O)c2c(C3CC3)sc3cncn23)C1,33.2,579.0
CHEMBL5891168,OC(c1ccccc1Cl)c1c(C2CC2)sc2cncn12,1120.0,3020.0
CHEMBL5800728,OC(c1c(C2CC2)sc2cncn12)C12CCC(c3ccccc3)(C1)C2,61.2,891.0
CHEMBL5894119,Cc1sc2cncn2c1C(O)c1cn(C2CCCC2)nn1,835.0,10200.0
CHEMBL5412818,O=C(Cc1ccc(O)cc1)Nc1nnc(CCCNc2nonc2/C(=N\O)Nc2ccc(F)c(Br)c2)s1,50.0,54210.0
CHEMBL6019482,Fc1cccc2c1C(C1CCN(c3ncc(-c4cnn(C5CCOCC5)c4)cn3)CC1)n1cncc1-2,34.0,361.0
CHEMBL6009215,O=C1NC(=O)C2(CCN(c3cc(Br)cc4cncn34)CC2)N1,64.6,513.0
CHEMBL584991,Nc1nonc1/C(=N/O)Nc1ccc(F)c(Cl)c1,67.0,70000.0
CHEMBL3972619,Oc1ccc(CNc2cc(Br)cc3[nH]ncc23)cc1,5300.0,2040.0
CHEMBL275224,c1ccc2c(c1)[nH]c1cnccc12,90000.0,1200.0
CHEMBL4090501,O=C1C[C@@H](c2c[nH]c3ccc(F)cc23)C(=O)N1,54000.0,50000.0
CHEMBL4177139,Brc1ccc2[nH]c(Cn3cncc3-c3ccccc3)cc2c1,1250.0,200000.0
CHEMBL4278716,Cl.Nc1sc2ccc(Cl)cc2c1Nc1cccc(C(F)(F)F)c1,200.0,500.0
CHEMBL4292321,Nc1oc2cnccc2c1Nc1cccc(CC2CCC2)c1,1000.0,2000.0
CHEMBL4281187,C#Cc1cccc(Nc2c(N)oc3cnccc23)c1,200.0,500.0
CHEMBL4279780,Nc1oc2cnccc2c1Nc1ccc(F)c(F)c1,200.0,500.0
CHEMBL4278213,CCOC(=O)Nc1oc2c(C#N)nccc2c1N(C(=O)OCC)c1ccc(F)c(C(F)(F)F)c1,1000.0,2000.0
CHEMBL4280005,Nc1sc2ccccc2c1Nc1ccc(F)cc1,200.0,2000.0
CHEMBL4285660,Nc1oc2c(-c3ccnc(C(=O)NCCN4CCOCC4)c3)nccc2c1Nc1ccc(F)c(Cl)c1,200.0,500.0
CHEMBL4443301,Cc1cc(N2CCC(C3c4c(F)cccc4-c4cncn43)CC2)ccc1-c1cnn(C)c1,14.0,114.0
CHEMBL4522927,Cn1cc(-c2ccc(N3CCC([C@H]4c5c(F)cccc5-c5cncn54)CC3)cc2)cn1,9.7,47.0
CHEMBL4472697,CCOP(=O)(CC)NCCNc1nonc1/C(=N/O)Nc1ccc(F)c(Br)c1,20.8,2540.0
CHEMBL4756155,O=C1c2ccccc2C(=O)c2c1nnn2-c1ccc(F)c(Cl)c1,13.0,14.0
CHEMBL4763934,O=C1c2ccccc2C(=O)c2c1nnn2-c1ccc2ccncc2c1,40.0,34.0
CHEMBL4786114,COc1ccc2c(c1)C(=O)c1nnn(-c3ccc(F)c(Cl)c3)c1C2=O,163.0,105.0
CHEMBL4797096,O=C(/C(=N/O)Nc1ccc(F)c(Br)c1)[C@H]1CC[C@H](NS(=O)(=O)Nc2ccccc2)CC1,291.0,100000.0
CHEMBL4791168,COP(C)(=O)NCCCNc1nonc1/C(=N/O)Nc1ccc(F)c(Br)c1,94.0,2600.0
CHEMBL4793667,COc1cc(Nc2ccc(F)c3[nH]c(C(=O)O)cc23)ccc1F,54400.0,31400.0
CHEMBL4296952,NS(=O)(=O)c1ccc(/N=N/c2ccc(O)[nH]c2=O)cc1,18090.0,15680.0
CHEMBL5206812,O=[N+]([O-])c1ccccc1CNc1cc(Br)cc2[nH]ncc12,8040.0,38950.0
CHEMBL5171548,OC1CCCC(Nc2cccc(CNc3cc(C(F)(F)F)cc4[nH]ncc34)c2)C1,100000.0,100000.0
CHEMBL5194264,Oc1ccc(CNc2cc(C(F)(F)F)cc3[nH]ncc23)c(Cl)c1,6020.0,2680.0
CHEMBL5190925,CC(=O)OCc1coc2c1C(=O)C(=O)c1c-2ccc2c1CC[C@H](O)C2(C)C,670.0,2420.0
CHEMBL5218511,ON=C1CCC(CNc2cc(Br)cc3[nH]ncc23)CC1,1610.0,450.0
CHEMBL5618814,COc1ccc(-c2ncc3c(O)c(OC)ccc3n2)cc1,100000.0,100000.0
CHEMBL5618528,COc1ccc2nc(-c3ccccc3)ccc2c1O,100000.0,5600.0
CHEMBL5888107,OC(c1c(C2CCC2)sc2cncn12)C1CCCCC1,94.2,324.0
CHEMBL5901654,CCC1CCC(C(O)c2c(C3CC3)sc3cncn23)CC1,35.7,583.0
CHEMBL5835163,COc1ccc(C(O)c2c(C3CC3)sc3cncn23)cc1,86.9,2270.0
CHEMBL5945822,CCc1sc2cncn2c1C(O)C1CCCCC1,10.5,39.9
CHEMBL5984490,CCC1CCCC1C(O)c1c(C2CC2)sc2cncn12,29.4,228.0
CHEMBL5816062,CC1(C(O)c2c(C3CC3)sc3cncn23)CCCCCC1,32.1,310.0
CHEMBL6056258,CCc1sc2cncn2c1C(O)CC1CCC(C)(C)CC1,118.0,1290.0
CHEMBL5827272,OC(c1c(-c2cccc(F)c2)sc2cncn12)C1CCCCC1,965.0,885.0
CHEMBL1989423,c1ccc2c(c1)Cc1c[nH]nc1-2,10000.0,550.0
CHEMBL3930308,Cc1n[nH]c2c1C(c1ccc(F)cc1)c1c(C)n[nH]c1O2,479.0,3000.0
CHEMBL3913434,Cc1n[nH]c2c1C(c1ccc(F)c(Cl)c1)c1c(C)n[nH]c1O2,260.0,3000.0
CHEMBL4239450,O=C([O-])c1cccc(NC(=O)c2c3c(n4ccccc24)C(=O)c2cccnc2C3=O)c1.[K+],390.0,100000.0
CHEMBL3628556,O=C1c2ccccc2C(=O)c2c1nnn2Cc1ccc(Cl)cc1,10000.0,6460.0
CHEMBL3628594,O=C(O)c1ccc(Cn2nnc3c2C(=O)c2ccccc2C3=O)cc1,2323.0,312.0
CHEMBL3628601,O=C1c2ccccc2C(=O)c2c1nnn2Cc1ccc(C(=O)N2CCOCC2)cc1,982.0,116.0
CHEMBL4285043,Nc1oc2c(C3CCCCC3)nccc2c1Nc1ccc(F)c(Cl)c1,200.0,500.0
CHEMBL4284726,COc1cncc2oc(N)c(Nc3ccc(F)c(Cl)c3)c12,1000.0,500.0
CHEMBL4293330,Cc1ccc(Nc2c(N)oc3cnccc23)c(C)c1,1000.0,500.0
CHEMBL4289267,Nc1oc2cnccc2c1Nc1ccccc1N1CCCCC1,1000.0,2000.0
CHEMBL4280522,N#Cc1nccc2c(Nc3cc(F)cc(F)c3)c(N)oc12,1000.0,500.0
CHEMBL4287133,Nc1oc2c(-c3ccncc3)nc(F)cc2c1Nc1ccc(F)c(F)c1,200.0,500.0
CHEMBL4276888,Cc1cc(-c2cccc3c(Nc4cccc(Cl)c4)c(N)sc23)ccn1,200.0,500.0
CHEMBL4289773,Nc1oc2c(-c3ccnc(C(=O)NC4CCCCC4)c3)nccc2c1Nc1ccc(F)c(Cl)c1,200.0,2000.0
CHEMBL4278469,Nc1oc2c(-c3ccc4c(c3)OCO4)nccc2c1Nc1ccc(F)c(Cl)c1,200.0,500.0
CHEMBL4290639,Cc1cc(-c2nccc3c(Nc4cccc(Cl)c4F)c(N)oc23)ccn1,200.0,2000.0
CHEMBL4436480,O=C1c2cc(F)ccc2-n2c1nc1ccc(CN3CCNCC3)cc1c2=O,680.0,870.0
CHEMBL4473408,Cl.NOC(c1ccccc1)c1cc(Cl)cc(Cl)c1,2000.0,5700.0
CHEMBL4439774,Cl.NOC(c1ccccc1)c1ccc(O)cc1,2890.0,29800.0
CHEMBL4745907,C[C@H](C(=O)Nc1ccc(Cl)cc1)[C@H]1CC[C@]2(CC1)COc1nc(C(F)(F)F)ccc12,5.4,7100.0
CHEMBL4758026,C[C@@H](C(=O)Nc1ccc(Cl)cc1)[C@H]1CC[C@@]2(CC1)COc1cc(C(F)(F)F)ccc12,6.6,10300.0
CHEMBL4753714,O=C1c2ccccc2C(=O)c2c1nnn2-c1ccc(Cl)c(Cl)c1,23.0,18.0
CHEMBL4750649,O=C1c2ccccc2C(=O)c2c1nnn2-c1ccc2[nH]cnc2c1,78.0,104.0
CHEMBL4792192,O=[N+]([O-])c1ccc(N/C(=N\O)c2cccc(Br)c2)c2nonc12,105.0,20000.0
CHEMBL4750840,O=C(O)c1cc2c(Nc3ccc(F)c(Cl)c3)ccc(F)c2[nH]1,40700.0,99200.0
CHEMBL1403970,Nc1cccc2c([As](=O)(O)O)cccc12,45730.0,37870.0
CHEMBL5083059,Cc1ccc(/C(=N/O)Nc2cccc(Br)c2)s1,73.5,5831.0
CHEMBL5221102,Brc1cc(NC[C@H]2CCCN2)c2cn[nH]c2c1,56450.0,7450.0
CHEMBL5221020,O[C@@H]1CCCC[C@H]1CNc1c(Br)ccc2[nH]ncc12,1230.0,11240.0
CHEMBL5619421,COc1ccc2cc(-c3ccc(NS(C)(=O)=O)cc3)ncc2c1O,1240.0,200.0
CHEMBL5814517,OC1C2CC3CC1CC([C@@H](O)CC1c4c(F)cccc4-c4cncn41)(C3)C2,100.0,300.0
CHEMBL5874752,OC(CC1CCCC1)c1c(C2CC2)sc2cncn12,25.6,394.0
CHEMBL5882732,OC(c1c(C(F)(F)F)sc2cncn12)C1CCCCC1,27.0,564.0
CHEMBL5814249,CC1(c2ccccc2)CCC(C(O)c2c(C3CC3)sc3cncn23)C1,76.7,1280.0
CHEMBL5906765,CC1(C)CCC(CC(O)c2c(C(F)(F)F)sc3cncn23)CC1,447.0,7280.0
CHEMBL5836289,OC1CCC(C(O)c2c(C3CC3)sc3cncn23)CC1,102.0,2640.0
CHEMBL5913040,OC(c1ccccc1F)c1c(C2CC2)sc2cncn12,56.7,1290.0
CHEMBL5807961,OC(c1c(-c2ccccc2F)sc2cncn12)C1CCCCC1,441.0,239.0
CHEMBL5894181,Fc1ccc(N2CCC(C3c4c(F)cccc4-c4cncn43)CC2)cc1F,6.68,68.9
CHEMBL5802411,O=C1CC2(CCN(c3cc(C(F)(F)F)cc4cncn34)CC2)C(=O)N1,295.0,1698.0
CHEMBL3628596,CCN(CC)C(=O)c1ccc(Cn2nnc3c2C(=O)c2ccccc2C3=O)cc1,1928.0,181.0
CHEMBL4165466,Oc1ccccc1-c1cncn1Cc1cc2cc(F)ccc2[nH]1,322.0,200000.0
CHEMBL4283957,Nc1oc2cnccc2c1Nc1cccc(Cc2ccccc2)c1,1000.0,2000.0
CHEMBL4277636,Cc1cc(Nc2c(N)oc3cnccc23)ccc1F,200.0,500.0
CHEMBL4290911,Nc1oc2cnc(Cl)cc2c1Nc1ccc(F)c(Cl)c1,200.0,500.0
CHEMBL4283286,N#Cc1nccc2c(Nc3ccc(F)c(C(F)(F)F)c3)c(N)oc12,200.0,500.0
CHEMBL4284584,Nc1oc2c(N(c3ccccc3)c3ccccc3)nccc2c1Nc1ccc(F)c(Cl)c1,200.0,2000.0
CHEMBL4281155,Cc1ccc2sc(N)c(Nc3ccc(F)c(F)c3)c2c1,200.0,2000.0
CHEMBL4284125,COc1cc(-c2nccc3c(Nc4ccc(F)c(Cl)c4)c(N)oc23)ccn1,200.0,500.0
CHEMBL4280505,CCCCCNC(=O)c1cc(-c2nccc3c(Nc4ccc(F)c(Cl)c4)c(N)oc23)ccn1,200.0,2000.0
CHEMBL4441377,Fc1cccc2c1C(C1CCN(c3nccs3)CC1)n1cncc1-2,297.0,586.0
CHEMBL4471614,Cn1cc(-c2ccc(N3CCC(C4c5c(F)cccc5-c5cncn54)CC3)c(F)c2)cn1,21.0,215.0
CHEMBL4292907,Cc1ccccc1Cn1c(-c2ccncc2)nc2c1C(=O)c1ccccc1C2=O,50300.0,100000.0
CHEMBL4648447,O=C(O)c1cccc(-n2nnc3c2C(=O)c2ccccc2C3=O)c1,114.0,71.0
CHEMBL4777219,O=C1c2ccccc2C(=O)c2c1nnn2-c1cccc([N+](=O)[O-])c1,29.0,28.0
CHEMBL5170708,NCCn1ncc2c(NCc3ccccc3[N+](=O)[O-])cc(C(F)(F)F)cc21,100000.0,100000.0
CHEMBL5188603,CS(=O)(=O)c1ccc(CNc2cc(C(F)(F)F)cc3[nH]ncc23)c([N+](=O)O)c1,57960.0,790.0
CHEMBL5177245,Cc1coc2c1C(=O)C(=O)c1c-2ccc2c1C=CC(=O)C2(C)C,980.0,960.0
CHEMBL5204091,CC(=O)OCc1coc2c1C(=O)C(=O)c1c-2ccc2c1C=CC(=O)C2(C)C,70.0,160.0
CHEMBL5219298,Brc1cc(NCc2ccccn2)c2cn[nH]c2c1,51550.0,3110.0
CHEMBL6002681,CS(=O)(=O)N1CCN(c2cc(Cl)cc3cncn23)CC1,17400.0,17400.0
CHEMBL5991135,C=Cc1sc2cncn2c1[C@@H](O)C1CCCCC1,4.63,11.6
CHEMBL5900586,OC(c1c(C2CC2)sc2cncn12)C1CCCC1Cc1ccccc1,288.0,1640.0
CHEMBL5872456,OC(c1c(-c2cccnc2)sc2cncn12)C1CCCCC1,342.0,880.0
CHEMBL6013155,CC1(c2sc3cncn3c2C(O)C2CCCCC2)CC1,415.0,2260.0
CHEMBL3974564,Cc1n[nH]c2c1C(c1ccc(F)c(Cl)c1)c1c(N)n[nH]c1O2,345.0,3000.0
CHEMBL382312,Brc1cccc(-c2c[nH]nn2)c1,2000.0,100000.0
CHEMBL4291800,CCOC(=O)Nc1oc2cnccc2c1Nc1ccc(F)c(Cl)c1,1000.0,2000.0
CHEMBL4288790,CC(C)Oc1cc2c(Nc3ccc(F)c(Cl)c3)c(N)oc2c(-c2ccccc2)n1,1000.0,2000.0
CHEMBL4289554,Nc1oc2cnccc2c1Nc1cccc(CC2CC2)c1,1000.0,2000.0
CHEMBL4294844,C#Cc1ccc(Nc2c(N)oc3cnccc23)cc1,1000.0,500.0
CHEMBL4280494,Cc1cc(C)cc(Nc2c(N)oc3cnccc23)c1,200.0,500.0
CHEMBL4282903,N#Cc1nccc2c(Nc3ccccc3Cl)c(N)oc12,200.0,2000.0
CHEMBL4277745,Nc1oc2c(-c3ccc4ccccc4c3)nccc2c1Nc1ccc(F)c(Cl)c1,200.0,2000.0
CHEMBL4288269,Cc1coc2c1C(=O)C(=O)c1c-2ccc2c1C=CCC2(C)C,4680.0,10000.0
CHEMBL4471831,O=C1c2cc(F)ccc2-n2c1nc1ccc(N3CCNCC3)cc1c2=O,1190.0,3150.0
CHEMBL4468741,CN(C)c1ccc2nc3n(c(=O)c2c1)-c1ccc(F)cc1C3=O,10350.0,3820.0
CHEMBL4521716,Cc1cc(-c2cnn(C)c2)ccc1N1CCC(C2c3c(F)cccc3-c3cncn32)CC1,20.0,226.0
CHEMBL4440040,Cl.NOC(c1ccc(Cl)cc1)c1ccc(Cl)cc1,3000.0,2000.0
CHEMBL4782532,CC(C(=O)Nc1ccc(Cl)cc1)N1CCC2(CCc3ccccc32)CC1,39.0,39000.0
CHEMBL4753565,O=C1c2ccccc2C(=O)c2c1nnn2-c1cc(Cl)c(F)c(Cl)c1,33.0,34.0
CHEMBL4642346,O=C1c2ccccc2C(=O)c2c1nnn2-c1ccc(Cl)nc1,27.0,25.0
CHEMBL4633682,O=C1c2cc(F)ccc2-n2c1nc1ccc(CN3CCCC(C(=O)O)C3)cc1c2=O,570.0,420.0
CHEMBL4635512,O=C1c2cc(F)ccc2-n2c1nc1ccc(B(O)O)cc1c2=O,1790.0,1210.0
CHEMBL4789503,NS(=O)(=O)NC[C@H]1CC[C@H](C(=O)/C(=N/O)Nc2ccc(F)c(Br)c2)CC1,21.0,58738.0
CHEMBL4762621,COc1ccc(Nc2ccc(F)c(Cl)c2)c2cc(C(=O)O)[nH]c12,32400.0,19500.0
CHEMBL4790626,CC(=O)Nc1cc(Nc2ccc(F)c(OCC3CC3)c2)c2cc(C(=O)O)[nH]c2c1,3110.0,4090.0
CHEMBL4746735,CC(=O)Nc1cc(Nc2ccc(F)c(OCC(F)(F)F)c2)c2cc(C(=O)O)[nH]c2c1,4620.0,9630.0
CHEMBL5182221,O=[N+]([O-])c1ccc(CNc2cc(C(F)(F)F)cc3[nH]ncc23)cc1,61000.0,100000.0
CHEMBL5175027,O=[N+]([O-])c1cc(OCc2ccccc2)ccc1CNc1cc(C(F)(F)F)cc2[nH]ncc12,100000.0,96960.0
CHEMBL5194281,c1ccc2c(-c3cnc4n[se]nc4c3)c[nH]c2c1,100000.0,4500.0
CHEMBL5172850,Brc1cccc(-c2nccc3c2[nH]c2ccccc23)c1,4950.0,20290.0
CHEMBL5191984,CC(=O)O[C@H]1CCc2c(ccc3c2C(=O)C(=O)c2c(CO)coc2-3)C1(C)C,750.0,1840.0
CHEMBL5219853,Cn1cc(-c2ccc(NC(N)=O)cc2)c2ccc(F)cc21,49.0,78.0
CHEMBL5620121,COc1ccc(-c2cc3ccc(OC)c(OC)c3cn2)cc1,11140.0,2720.0
CHEMBL5927729,OC(CC1CCCCC1)c1c(C2CCCC2)sc2cncn12,384.0,277.0
CHEMBL5950258,OC(CC12CCC(CC1)C2)c1c(C2CC2)sc2cncn12,33.7,177.0
CHEMBL5808261,OC(CC1CCCCC1)c1c(Br)sc2cncn12,55.7,1410.0
CHEMBL6040798,CC1(C)CC[C@H]([C@H](O)c2c(C3CC3)sc3cncn23)C1,15.0,328.0
CHEMBL5970624,OC(c1c(C2CC2)sc2cncn12)C1CCC(Cc2ccccc2)C1,91.2,3900.0
CHEMBL5880439,CC(C1CCCCC1)C(O)c1c(C2CC2)sc2cncn12,87.3,822.0
CHEMBL5981696,CC1(C(O)c2c(C3CC3)sc3cncn23)CCCCC1,10.6,104.0
CHEMBL5739831,OC1CCC(CC(O)c2c(C3CC3)sc3cncn23)CC1,18.4,1130.0
CHEMBL5983091,Cc1sc2cncn2c1C(O)C1CCN(c2ccccc2)CC1,537.0,3960.0
CHEMBL5778281,Cn1cc(C(O)c2c(C3CC3)sc3cncn23)nn1,590.0,10200.0
CHEMBL5901472,OC(c1cn(C2CCCC2)nn1)c1c(C2CC2)sc2cncn12,96.1,10200.0
CHEMBL5780539,O=C1NC(=O)C2(CCN(c3cc(Cl)cc4cncn34)CC2)N1,282.0,1413.0
CHEMBL3629570,O=C(CC1c2ccccc2-c2cncn21)C1CCCCC1,468.0,1000.0
CHEMBL3745873,Nc1oc2c(-c3ccnc(N4CCOCC4)c3)nccc2c1Nc1ccc(F)c(Cl)c1,200.0,2000.0
CHEMBL4161733,C[C@@H](C(=O)Nc1ccc(Cl)cc1)[C@H]1CC[C@@H](c2ccnc3ccc(F)cc32)CC1,1.7,3900.0
CHEMBL4061767,O=C1C[C@H](c2c[nH]c3ccc(F)cc23)C(=O)N1,120.0,50000.0
CHEMBL2148000,Fc1ccccc1-c1c[nH]nn1,80000.0,100000.0
CHEMBL4282826,Nc1oc2c(-c3ccc(F)cc3)nccc2c1Nc1ccc(F)c(Cl)c1,200.0,500.0
CHEMBL4278199,Nc1sc2ccccc2c1Nc1cccc(C(F)(F)F)c1,200.0,2000.0
CHEMBL4282590,Cc1cc(Nc2c(N)oc3cnccc23)ccc1Cl,200.0,500.0
CHEMBL4289501,Nc1oc2cnccc2c1Nc1ccc(F)c(Cl)c1F,200.0,500.0
CHEMBL4277452,Cc1ccc(Nc2c(N)oc3cnccc23)cc1C,200.0,500.0
CHEMBL4457781,Fc1cccc2c1C(C1CCNCC1)n1cncc1-2,10000.0,10000.0
CHEMBL4279365,CC(=O)CC(=O)/C=C1\C(=O)Nc2ccc(Cl)cc21,190.0,39920.0
CHEMBL4795305,O=[N+]([O-])c1ccc(N/C(=N\O)c2ccc(F)cc2)c2nonc12,100.0,21000.0
CHEMBL4643029,O=Cc1ccc2nc3n(c(=O)c2c1)-c1ccc(F)cc1C3=O,460.0,60.0
CHEMBL4776232,O=C(O)c1cc2c(Nc3ccc(F)c(Cl)c3)cc([N+](=O)[O-])cc2[nH]1,100000.0,100000.0
CHEMBL162783,CC1Oc2cc3c(-c4c(O)cc(O)c5c(O)c6c(cc45)OC(C)C(C)C6=O)c(O)cc(O)c3c(O)c2C(=O)C1C,44090.0,48550.0
CHEMBL5087302,O=C(NCc1csc(/C(=N/O)Nc2cccc(Br)c2)c1)Nc1ccc(F)cc1,36.8,2395.0
CHEMBL5204912,FC(F)(F)c1cc(NC[C@H]2CCCN2)c2cn[nH]c2c1,9580.0,6090.0
CHEMBL5193307,Cc1coc2c1C(=O)C(=O)c1c-2ccc2c1C(Br)CCC2(C)C,1500.0,710.0
CHEMBL5175874,CC1(C)C(=O)C=Cc2c1ccc1c2C(=O)C(=O)c2c(C(=O)O)coc2-1,4570.0,10000.0
CHEMBL5174722,CC1(C)C(=O)C=Cc2c1ccc1c2C(=O)C(=O)c2c(CCl)coc2-1,140.0,110.0
CHEMBL5200658,Cc1coc2c1C(=O)C(=O)c1c-2ccc2c1CC[C@H](OS(C)(=O)=O)C2(C)C,810.0,1210.0
CHEMBL5220129,Cc1cc(NC[C@@H]2CCCC[C@H]2O)c2cn[nH]c2c1,3170.0,410.0
CHEMBL5619533,COc1ccc(-c2ccc3c(O)c(OC)ccc3n2)cc1,100000.0,100000.0
CHEMBL295124,COc1ccc2cc3[n+](cc2c1OC)CCc1cc2c(cc1-3)OCO2,260.0,30.0
CHEMBL5930418,COc1cccc(CC(O)c2c(C)sc3cncn23)c1,3150.0,7160.0
CHEMBL6052626,CC1(C)CCCCC1CC(O)c1c(C2CC2)sc2cncn12,147.0,295.0
CHEMBL5948137,CC(C)CC1CCC(C(O)c2c(C3CC3)sc3cncn23)C1,72.3,2010.0
CHEMBL5932275,OC(CC1CCCC(C(F)(F)F)C1)c1c(C2CC2)sc2cncn12,87.6,818.0
CHEMBL5875601,OC(c1cn(C2CCC2)nn1)c1c(C2CC2)sc2cncn12,183.0,10200.0
CHEMBL432537,O=C1c2cc([N+](=O)[O-])ccc2-n2c1nc1ccccc1c2=O,0.018,101.0
CHEMBL2147990,N#Cc1cccc(-c2c[nH]nn2)c1,2800.0,100000.0
CHEMBL2147993,O=[N+]([O-])c1cccc(-c2c[nH]nn2)c1,15000.0,100000.0
CHEMBL2147997,FC(F)(F)c1cc(-c2c[nH]nn2)ccn1,15000.0,100000.0
CHEMBL2147999,Nc1ccccc1-c1c[nH]nn1,60000.0,100000.0
CHEMBL2148075,Cc1ccc(Cl)cc1-c1c[nH]nn1,4300.0,100000.0
CHEMBL1812545,Fc1ccc2c(/C=C/c3nnn[nH]3)c[nH]c2c1,100000.0,620.0
CHEMBL4287152,N#Cc1ccc(-c2nccc3c(Nc4ccc(F)c(Cl)c4)c(N)oc23)cc1,200.0,500.0
CHEMBL4295079,Cl.Nc1sc2ccccc2c1Sc1cccc(Cl)c1,1000.0,2000.0
CHEMBL4289829,CC(C)(C)Oc1cc2c(Nc3ccc(F)c(Cl)c3)c(N)oc2c(-c2ccccc2)n1,1000.0,500.0
CHEMBL4292681,Nc1oc2c(-c3cccnc3)nccc2c1Nc1ccc(F)c(Cl)c1,200.0,500.0
CHEMBL4280114,Nc1oc2cnccc2c1Nc1cccc2c1CCCC2,1000.0,2000.0
CHEMBL4294960,Nc1oc2cnccc2c1Nc1cc(F)c(F)cc1F,1000.0,2000.0
CHEMBL4286702,Cc1ccc2sc(N)c(Nc3ccc(F)c(Cl)c3)c2c1,200.0,2000.0
CHEMBL4293633,Cc1cc(-c2nccc3c(Nc4ccccc4)c(N)oc23)ccn1,200.0,500.0
CHEMBL4294861,Cc1cc(-c2nc(F)cc3c(Nc4ccc(F)cc4)c(N)oc23)ccn1,200.0,500.0
CHEMBL4282888,CCOC(=O)Nc1oc2c(-c3ccnc(C)c3)nccc2c1N(C(=O)OCC)c1ccc(F)c(F)c1,1000.0,2000.0
CHEMBL4466645,OCCC1c2ccccc2-c2cncn21,6700.0,20.0
CHEMBL4438707,Cc1ccc(C(ON)c2ccc(Cl)cc2)c(O)c1.Cl,1760.0,19100.0
CHEMBL4793303,O=C(Nc1ccc(Cl)cn1)C(=O)N1CCC(c2ccnc3ccc(F)cc23)CC1,70.0,5900.0
CHEMBL4778719,O=[N+]([O-])c1ccc(N/C(Cc2ccc(F)c(F)c2)=N\O)c2nonc12,59.0,94000.0
CHEMBL4760312,O=C(/C(=N/O)Nc1ccc(F)c(Br)c1)c1cncs1,1772.0,11808.0
CHEMBL4759065,CC(=O)Nc1cc(Nc2ccc(OC(F)(F)F)cc2)c2cc(C(=O)O)[nH]c2c1,23700.0,5710.0
CHEMBL241898,O=[N+]([O-])c1cc([N+](=O)[O-])c2cccnc2c1O,11120.0,22670.0
CHEMBL5174493,O=C(O)c1cccc(CNc2cc(C(F)(F)F)cc3[nH]ncc23)c1,100000.0,1690.0
CHEMBL1974436,C[C@@H](CO)C1=C(O)C(=O)c2c(ccc3c2CCCC3(C)C)C1=O,10000.0,10000.0
CHEMBL5620309,COc1ccc2cc(-c3ccc(NC(=O)c4ccccc4)cc3)ncc2c1O,4450.0,190.0
CHEMBL5620141,COc1ccc2cc(-c3ccc(NC(=O)C(C)(C)C)cc3)ncc2c1O,2810.0,1200.0
CHEMBL5900741,CC1(C)CC(C(O)c2c(C3CC3)sc3cncn23)C1,5.38,269.0
CHEMBL5983001,OC(CC1CCC1)c1c(C2CC2)sc2cncn12,44.9,697.0
CHEMBL5845201,Cc1ccc(C(O)c2c(C3CC3)sc3cncn23)cc1,48.4,1460.0
CHEMBL6060736,OC(c1c(C2CC2)sc2cncn12)C1CCc2ccccc2C1,34.2,1810.0
CHEMBL6056993,Cn1cc(-c2sc3cncn3c2C(O)C2CCCCC2)cn1,209.0,10200.0
CHEMBL5853342,CCC1CCC(CC(O)c2c(C3CC3)sc3cncn23)CC1,85.8,2000.0
CHEMBL5774022,COCc1sc2cncn2c1C(O)C1CCCCC1,744.0,327.0
CHEMBL5865091,O=C(CC1c2ccccc2-c2nncn21)C1CCCCC1,10000.0,10000.0
CHEMBL5925377,O=C(CC1c2c(F)cccc2-c2cncn21)C12CC3CC(C1)C(O)C(C3)C2,100.0,200.0
CHEMBL3087009,O=C1c2cc(F)ccc2-n2c1nc1ccc(F)cc1c2=O,466.0,1490.0
CHEMBL1276265,O=C1c2ccc(Cl)cc2-n2c1nc1ccccc1c2=O,183.0,224200.0
CHEMBL2148076,Clc1ccc(Cl)c(-c2c[nH]nn2)c1,6400.0,100000.0
CHEMBL4289441,Nc1oc2c(Br)nccc2c1Nc1ccc(F)c(Cl)c1,200.0,500.0
CHEMBL4286487,N#Cc1nccc2c(Nc3ccc(F)c(Cl)c3)c(NC(=O)OCc3ccccc3)oc12,1000.0,500.0
CHEMBL4290965,CCCc1nccc2c(Nc3cccc(C(F)(F)F)c3)c(N)oc12,200.0,2000.0
CHEMBL4292240,CC(C)c1cccc(Nc2c(N)oc3cnccc23)c1,200.0,2000.0
CHEMBL4282272,Nc1oc2cnccc2c1Nc1ccc(Cc2ccccc2)cc1,1000.0,500.0
CHEMBL4286518,Nc1oc2cnccc2c1Nc1ccc(Br)cc1,1000.0,500.0
CHEMBL4279060,Nc1oc2c(-c3ccncc3)nccc2c1Nc1ccc(F)c(F)c1,200.0,500.0
CHEMBL4288277,Nc1oc2c(-c3ccnc(C(F)(F)F)c3)nccc2c1Nc1ccc(F)c(Cl)c1,200.0,2000.0
CHEMBL4459856,Cn1cc(-c2ccc(N3CCC(C4c5c(F)cccc5-c5cncn54)CC3)cc2)cn1,26.0,132.0
CHEMBL4286206,O=C1Nc2ccccc2/C1=N/c1ccccc1Br,1240.0,46240.0
CHEMBL4293604,O=C1Nc2ccccc2/C1=N/Nc1ccccc1C(F)(F)F,1580.0,38310.0
CHEMBL4290305,Cc1ccc(S(=O)(=O)N/N=C2\C(=O)Nc3ccccc32)cc1,1780.0,52900.0
CHEMBL4558294,Cl.NOC(c1ccccc1)c1cccc(C(F)(F)F)c1F,6000.0,5620.0
CHEMBL4514196,COP(C)(=O)NCCNc1nonc1/C(=N/O)Nc1ccc(F)c(Br)c1,10.1,3960.0
CHEMBL4741880,O=C(CN1CCC2(CC1)COc1cc(C(F)(F)F)ccc12)Nc1ccc(Cl)cc1,260.0,25700.0
CHEMBL4758067,O=[N+]([O-])c1ccc(N/C(=N\O)c2cccc(F)c2)c2nonc12,75.0,45000.0
CHEMBL4790494,CC(=O)Nc1cc(Nc2ccc(F)c(Cl)c2)c2cc(C(=O)O)[nH]c2c1,8400.0,8480.0
CHEMBL4793007,COc1ccc(Nc2cc(NC(C)=O)cc3[nH]c(C(=O)O)cc23)nc1,4730.0,5270.0
CHEMBL5198425,Nc1cccc(CNc2cc(C(F)(F)F)cc3[nH]ncc23)c1,100000.0,2510.0
CHEMBL5220441,Brc1cc(NCC2CCNC2)c2cn[nH]c2c1,104900.0,10440.0
CHEMBL5218526,O[C@@H]1CCCC[C@H]1CNc1c(Br)cc(Br)c2[nH]ncc12,300000.0,300000.0
CHEMBL5618645,COc1ccc2cc(-c3ccc(C(F)(F)F)cc3)ncc2c1O,15290.0,7280.0
CHEMBL5765131,CS(=O)(=O)c1ccc(-c2cc(C(F)(F)F)cc3cncn23)cc1,17400.0,66200.0
CHEMBL5878782,CC(C)(C)c1sc2cncn2c1C(O)CC1CCCCC1,895.0,2130.0
CHEMBL5763200,OC(c1c(Cl)sc2cncn12)C1CCCCC1,110.0,172.0
CHEMBL5807169,C=Cc1sc2cncn2c1C(O)CC1CCCCC1,10.5,62.6
CHEMBL6059448,CCc1sc2cncn2c1[C@@H](O)CC1CCCCC1,7.82,202.0
CHEMBL5867380,CC1CCC(C(O)c2c(C(F)(F)F)sc3cncn23)C1,45.5,701.0
CHEMBL5792634,COC1CCC(CC(O)c2c(C3CC3)sc3cncn23)CC1,11.3,1330.0
CHEMBL5796674,Cc1ccccc1C(O)c1c(C2CC2)sc2cncn12,1160.0,2530.0
CHEMBL5817442,OC(c1cnn(C2CCCC2)c1)c1c(C2CC2)sc2cncn12,112.0,10200.0
CHEMBL5834656,CN1C(=O)NC2(CCN(c3cc(C(F)(F)F)cc4cncn34)CC2(C)C)C1=O,631.0,2692.0
CHEMBL2147989,Clc1cccc(-c2c[nH]nn2)c1,1200.0,100000.0
CHEMBL3628551,O=C1c2ccccc2C(=O)c2c1nnn2Cc1cccc(Cl)c1,767.0,711.0
CHEMBL3628595,CCN(CC)C(=O)c1cccc(Cn2nnc3c2C(=O)c2ccccc2C3=O)c1,977.0,90.0
CHEMBL4289072,COC(=O)c1ccc(-c2nccc3c(Nc4ccc(F)c(Cl)c4)c(N)oc23)cc1,200.0,500.0
CHEMBL4278347,Nc1oc2cncc(Cl)c2c1Nc1ccc(Cl)c(F)c1,1000.0,500.0
CHEMBL4293556,Nc1oc2cnccc2c1Nc1cccc(F)c1,200.0,500.0
CHEMBL4290549,COc1cc2c(Nc3ccc(F)c(Cl)c3)c(N)oc2c(-c2ccc(F)cc2)n1,200.0,500.0
CHEMBL4281872,Nc1oc2cnc(F)cc2c1Nc1ccc(F)c(Cl)c1,200.0,500.0
CHEMBL4288820,Cl.Nc1sc2c(Br)cccc2c1Nc1ccc(F)c(Cl)c1,200.0,500.0
CHEMBL4286554,CCc1cc(-c2nccc3c(Nc4ccc(F)c(Cl)c4)c(N)oc23)ccn1,200.0,500.0
CHEMBL4471895,CN1CCN(c2ccc3nc4n(c(=O)c3c2)-c2ccccc2C4=O)CC1,8010.0,6750.0
CHEMBL4571179,Fc1cccc2c1C(Cc1ccccc1)n1cncc1-2,2734.0,793.0
CHEMBL4744209,O=C(Nc1ccc(Cl)cc1)C(=O)N1CCC2(CC1)COc1cc(C(F)(F)F)ccc12,1700.0,21000.0
CHEMBL4781703,O=C(Nc1ccc(Cl)cc1)C(=O)N1CCC2(CC1)COc1cc(C(F)F)ccc12,30.0,30000.0
CHEMBL4795047,O=C(Nc1ccc(Cl)cc1)C(=O)N1CC[C@@H](c2ccnc3ccc(F)cc23)[C@H](O)C1,50.0,15300.0
CHEMBL4783665,O=C1c2ccccc2C(=O)c2c1nnn2-c1ccc(-c2nnn[nH]2)cc1,60.0,25.0
CHEMBL4757996,O=[N+]([O-])c1ccc(N/C(=N\O)c2ccc(F)c(Br)c2)c2nonc12,92.0,47000.0
CHEMBL4761665,O=C(O)c1cc2c(Nc3ccc(F)c(Br)c3)ccc(F)c2[nH]1,9930.0,10500.0
CHEMBL4757365,CC(=O)Nc1cc(Nc2ccc(F)c(OC(F)(F)F)c2)c2cc(C(=O)O)[nH]c2c1,1370.0,3620.0
CHEMBL4785586,CC(=O)Nc1cc(Nc2ccc(F)c(OC(C)C)c2)c2cc(C(=O)O)[nH]c2c1,3090.0,6460.0
CHEMBL4762616,COc1ccc(Nc2cc(NC(C)=O)cc3[nH]c(C(=O)O)cc23)cc1,1710.0,3010.0
CHEMBL4751204,CC1(C)C(=O)C=Cc2c1ccc1c2C(=O)C(=O)c2c(CO)coc2-1,370.0,450.0
CHEMBL5174239,FC(F)(F)c1cccc(CNc2cc(C(F)(F)F)cc3[nH]ncc23)c1,100000.0,12200.0
CHEMBL5218603,O=C(O)c1cc(NC[C@@H]2CCCC[C@H]2O)c2cn[nH]c2c1,30220.0,27020.0
CHEMBL5619634,COc1ccc2cc(-c3cccs3)ncc2c1OC,11240.0,2900.0
CHEMBL5619107,COc1ccc2cc(-c3ccc(NC(=O)C(F)(F)F)cc3)ncc2c1O,6130.0,1160.0
CHEMBL5619711,COc1ccc2cc(-c3ccc(NS(=O)(=O)N4CCCCC4)cc3)ncc2c1O,15370.0,7970.0
CHEMBL6059629,CS(=O)(=O)N1CCC(c2cc(Cl)cn3cncc23)CC1,17400.0,300.0
CHEMBL6012994,O[C@H](CC1CCCCC1)c1c(C2CCCC2)sc2cncn12,190.0,164.0
CHEMBL5926327,O[C@H](CC1CCCCC1)c1c(Cl)sc2cncn12,35.6,658.0
CHEMBL5961159,OC(CC1CCC(c2ccccc2)CC1)c1c(C2CC2)sc2cncn12,353.0,2460.0
CHEMBL5834772,CC1CCC(CC(O)c2c(C3CC3)sc3cncn23)CC1,50.3,638.0
CHEMBL6061854,O[C@H](c1c(-c2ccccc2)sc2cncn12)C1CCCCC1,242.0,171.0
CHEMBL6020467,CC(C)Cc1sc2cncn2c1C(O)C1CCCCC1,435.0,583.0
CHEMBL5806670,Cc1sc2cncn2c1C(O)C1CCC(C)(C)C1,81.2,412.0
CHEMBL6039064,Cc1cc(-c2sc3cncn3c2C(O)C2CCCCC2)cs1,766.0,854.0
CHEMBL5974732,Cc1sc2cncn2c1C(O)CC1CCCC1,190.0,573.0
CHEMBL5750760,CC[C@H](C)c1sc2cncn2c1C(O)C1CCCCC1,172.0,962.0
CHEMBL5427485,CN1CCN(CCc2ccc3nc4n(c(=O)c3c2)C2C=CC(F)=CC2C4=O)CC1,20.0,90.0
CHEMBL5798663,O=C(CC1c2ccccc2-n2cncc21)C1CCCCC1,550.0,100.0
CHEMBL6060370,CC1(C)CN(c2cc(C(F)(F)F)cc3cncn23)CCC12NC(=O)N(c1ccccc1)C2=O,2188.0,38019.0
